UTC,weather,pm25,temp
1,1.0,177.0,276.65
2,1.0,177.0,276.15
3,1.0,177.0,276.15
4,1.0,177.0,276.15
5,1.0,177.0,276.15
6,1.0,177.0,276.15
7,1.0,177.0,276.15
8,1.0,177.0,276.15
9,1.0,177.0,276.15
10,1.0,177.0,276.15
11,1.0,206.0,276.15
12,1.0,206.0,276.15
13,1.0,206.0,276.15
14,1.0,206.0,276.15
15,1.0,206.0,276.15
16,1.0,206.0,276.15
17,1.0,206.0,276.15
18,1.0,205.0,276.15
19,1.0,205.0,276.15
20,1.0,205.0,276.15
21,1.0,205.0,276.15
22,1.0,205.0,276.15
23,1.0,195.0,276.15
24,1.0,195.0,276.15
25,1.0,195.0,276.15
26,1.0,195.0,276.15
27,1.0,195.0,276.15
28,1.0,195.0,276.15
29,1.0,195.0,276.15
30,1.0,184.0,276.15
31,1.0,184.0,276.15
32,1.0,184.0,276.15
33,1.0,184.0,275.65
34,1.0,184.0,275.15
35,1.0,184.0,275.15
36,1.0,184.0,275.15
37,1.0,184.0,275.15
38,1.0,184.0,275.15
39,1.0,184.0,275.15
40,1.0,184.0,275.15
41,1.0,181.0,275.15
42,1.0,181.0,275.15
43,1.0,181.0,275.15
44,1.0,181.0,275.15
45,1.0,181.0,275.15
46,1.0,181.0,275.15
47,8.0,175.0,275.15
48,8.0,175.0,275.15
49,8.0,175.0,275.15
50,8.0,175.0,275.15
51,8.0,175.0,275.65
52,8.0,175.0,276.15
53,8.0,178.0,276.15
54,8.0,178.0,276.15
55,8.0,178.0,276.15
56,8.0,178.0,276.15
57,8.0,178.0,276.15
58,8.0,178.0,276.65
59,2.0,186.0,277.15
60,2.0,186.0,277.15
61,2.0,186.0,277.65
62,2.0,186.0,278.15
63,2.0,186.0,278.15
64,2.0,186.0,278.15
65,2.0,205.0,278.15
66,2.0,205.0,278.15
67,2.0,205.0,279.15
68,2.0,205.0,279.15
69,2.0,205.0,280.15
70,2.0,205.0,280.15
71,2.0,205.0,280.15
72,2.0,229.0,280.65
73,2.0,229.0,281.15
74,2.0,229.0,281.15
75,2.0,229.0,281.15
76,2.0,229.0,282.15
77,2.0,232.0,282.15
78,2.0,232.0,282.15
79,2.0,232.0,283.15
80,2.0,232.0,283.15
81,2.0,232.0,283.15
82,2.0,232.0,283.65
83,2.0,214.0,284.15
84,2.0,214.0,284.15
85,2.0,214.0,284.15
86,2.0,214.0,284.15
87,2.0,214.0,284.65
88,2.0,214.0,285.15
89,2.0,189.0,285.15
90,2.0,189.0,285.15
91,2.0,189.0,285.15
92,9.0,189.0,285.15
93,2.0,189.0,285.15
94,2.0,189.0,285.15
95,2.0,168.0,285.65
96,2.0,168.0,285.65
97,2.0,168.0,285.15
98,2.0,168.0,285.15
99,2.0,168.0,285.15
100,2.0,168.0,285.15
101,2.0,168.0,285.15
102,2.0,154.0,284.15
103,2.0,154.0,284.15
104,2.0,154.0,284.15
105,2.0,154.0,283.15
106,2.0,154.0,283.15
107,2.0,146.0,283.15
108,2.0,146.0,283.15
109,2.0,146.0,282.65
110,2.0,146.0,283.15
111,2.0,146.0,283.15
112,2.0,146.0,282.15
113,2.0,153.0,282.15
114,2.0,153.0,282.15
115,2.0,153.0,282.15
116,2.0,153.0,282.15
117,2.0,153.0,282.15
118,2.0,153.0,282.15
119,2.0,141.0,282.15
120,2.0,141.0,281.15
121,2.0,141.0,282.15
122,2.0,141.0,281.65
123,2.0,141.0,281.15
124,2.0,141.0,281.15
125,2.0,141.0,281.15
126,2.0,133.0,281.15
127,2.0,133.0,281.15
128,3.0,133.0,281.15
129,2.0,133.0,281.15
130,2.0,133.0,281.15
131,2.0,128.0,281.15
132,2.0,128.0,281.15
133,2.0,128.0,281.15
134,2.0,128.0,281.15
135,2.0,128.0,281.15
136,2.0,128.0,281.15
137,2.0,126.0,281.15
138,2.0,126.0,281.15
139,2.0,126.0,281.15
140,2.0,126.0,281.15
141,2.0,126.0,281.15
142,2.0,126.0,281.15
143,2.0,131.0,281.15
144,2.0,131.0,281.15
145,2.0,131.0,281.15
146,2.0,131.0,281.15
147,2.0,131.0,281.15
148,2.0,131.0,281.15
149,2.0,140.0,281.15
150,2.0,140.0,281.15
151,2.0,140.0,281.15
152,2.0,140.0,281.15
153,2.0,140.0,281.15
154,2.0,140.0,281.15
155,2.0,163.0,281.15
156,2.0,163.0,281.15
157,2.0,163.0,281.15
158,2.0,163.0,281.15
159,2.0,163.0,281.15
160,2.0,163.0,281.15
161,2.0,173.0,281.15
162,2.0,173.0,281.15
163,2.0,173.0,281.15
164,2.0,173.0,281.15
165,2.0,173.0,281.15
166,2.0,173.0,281.15
167,2.0,179.0,281.15
168,2.0,179.0,281.15
169,2.0,179.0,281.15
170,2.0,179.0,281.15
171,2.0,179.0,281.15
172,2.0,179.0,281.15
173,2.0,179.0,281.15
174,2.0,179.0,281.15
175,2.0,179.0,281.15
176,2.0,179.0,281.15
177,2.0,179.0,280.65
178,2.0,179.0,280.15
179,2.0,179.0,280.15
180,2.0,174.0,280.15
181,2.0,174.0,280.15
182,2.0,174.0,280.15
183,2.0,174.0,280.15
184,2.0,174.0,280.15
185,2.0,170.0,280.15
186,2.0,170.0,280.15
187,2.0,170.0,280.15
188,2.0,170.0,280.15
189,2.0,170.0,280.15
190,2.0,170.0,280.15
191,2.0,166.0,279.65
192,2.0,166.0,279.65
193,2.0,166.0,280.15
194,2.0,166.0,280.15
195,2.0,166.0,280.15
196,2.0,166.0,280.15
197,2.0,160.0,280.65
198,2.0,160.0,281.15
199,2.0,160.0,281.15
200,2.0,160.0,281.15
201,2.0,160.0,281.65
202,2.0,160.0,282.15
203,2.0,160.0,282.15
204,2.0,160.0,282.15
205,3.0,160.0,282.15
206,3.0,160.0,283.15
207,3.0,160.0,283.65
208,3.0,160.0,284.15
209,3.0,161.0,285.15
210,3.0,161.0,285.15
211,3.0,161.0,285.15
212,3.0,161.0,285.65
213,3.0,161.0,286.15
214,3.0,161.0,286.65
215,3.0,167.0,287.15
216,3.0,167.0,287.15
217,3.0,167.0,288.15
218,9.0,167.0,288.15
219,2.0,167.0,288.15
220,2.0,167.0,288.15
221,2.0,156.0,288.15
222,2.0,156.0,288.15
223,2.0,156.0,288.15
224,2.0,156.0,288.15
225,2.0,156.0,288.15
226,2.0,156.0,288.15
227,2.0,142.0,288.15
228,2.0,142.0,289.15
229,2.0,142.0,289.15
230,2.0,142.0,289.15
231,2.0,142.0,289.15
232,2.0,142.0,289.15
233,2.0,142.0,289.15
234,2.0,114.0,289.15
235,2.0,114.0,289.15
236,9.0,114.0,289.65
237,2.0,114.0,290.15
238,2.0,114.0,290.15
239,2.0,103.0,290.65
240,2.0,103.0,290.65
241,2.0,103.0,290.15
242,2.0,103.0,290.15
243,2.0,103.0,290.15
244,2.0,103.0,290.15
245,2.0,91.0,289.65
246,2.0,91.0,289.15
247,2.0,91.0,288.65
248,2.0,91.0,288.15
249,2.0,91.0,288.15
250,2.0,91.0,287.15
251,2.0,85.0,287.15
252,2.0,85.0,286.65
253,2.0,85.0,287.15
254,9.0,85.0,287.15
255,2.0,85.0,286.65
256,2.0,85.0,286.65
257,2.0,86.0,286.65
258,2.0,86.0,286.15
259,2.0,86.0,286.15
260,2.0,86.0,286.15
261,2.0,86.0,286.15
262,2.0,86.0,286.15
263,2.0,100.0,286.15
264,2.0,100.0,285.15
265,2.0,100.0,286.15
266,2.0,100.0,285.65
267,2.0,100.0,285.15
268,2.0,100.0,285.15
269,2.0,118.0,284.65
270,2.0,118.0,284.65
271,2.0,118.0,285.15
272,3.0,118.0,284.15
273,2.0,118.0,284.15
274,2.0,118.0,284.15
275,2.0,131.0,284.15
276,2.0,131.0,284.15
277,4.0,131.0,284.15
278,4.0,131.0,284.15
279,4.0,131.0,284.15
280,4.0,131.0,284.15
281,4.0,146.0,283.65
282,4.0,146.0,283.15
283,4.0,146.0,283.15
284,4.0,146.0,283.65
285,4.0,146.0,283.65
286,4.0,146.0,283.15
287,4.0,151.0,283.15
288,4.0,151.0,283.15
289,4.0,151.0,283.15
290,4.0,151.0,283.15
291,4.0,151.0,283.15
292,4.0,151.0,283.15
293,4.0,147.0,283.15
294,4.0,147.0,283.15
295,4.0,147.0,283.15
296,4.0,147.0,283.15
297,4.0,147.0,283.15
298,4.0,147.0,283.15
299,4.0,161.0,283.15
300,4.0,161.0,283.15
301,4.0,161.0,283.15
302,4.0,161.0,283.15
303,4.0,161.0,283.15
304,4.0,161.0,283.15
305,4.0,155.0,283.15
306,4.0,155.0,283.15
307,4.0,155.0,283.15
308,4.0,155.0,283.15
309,4.0,155.0,283.15
310,4.0,155.0,283.15
311,4.0,155.0,283.15
312,4.0,155.0,283.15
313,4.0,155.0,283.15
314,4.0,155.0,283.15
315,4.0,155.0,283.15
316,4.0,155.0,283.15
317,4.0,155.0,283.15
318,4.0,148.0,283.15
319,4.0,148.0,283.15
320,4.0,148.0,283.15
321,4.0,148.0,283.15
322,4.0,148.0,283.15
323,4.0,145.0,282.65
324,4.0,145.0,282.15
325,4.0,145.0,282.15
326,4.0,145.0,282.15
327,4.0,145.0,282.15
328,4.0,145.0,282.15
329,4.0,145.0,282.15
330,4.0,142.0,282.15
331,2.0,142.0,282.15
332,2.0,142.0,282.15
333,2.0,142.0,282.15
334,2.0,142.0,282.15
335,2.0,142.0,282.15
336,2.0,139.0,282.15
337,2.0,139.0,282.15
338,2.0,139.0,282.15
339,2.0,139.0,282.15
340,2.0,139.0,282.15
341,2.0,140.0,282.65
342,2.0,140.0,283.15
343,2.0,140.0,283.15
344,3.0,140.0,283.15
345,2.0,140.0,284.15
346,2.0,140.0,284.15
347,2.0,143.0,284.15
348,2.0,143.0,284.65
349,2.0,143.0,286.15
350,2.0,143.0,286.15
351,2.0,143.0,286.15
352,2.0,143.0,286.65
353,2.0,143.0,287.15
354,2.0,146.0,287.15
355,2.0,146.0,287.15
356,2.0,146.0,287.65
357,2.0,146.0,288.15
358,2.0,146.0,288.15
359,2.0,159.0,289.15
360,2.0,159.0,289.15
361,2.0,159.0,289.15
362,2.0,159.0,289.65
363,2.0,159.0,290.15
364,2.0,159.0,290.15
365,2.0,167.0,290.15
366,2.0,167.0,290.15
367,2.0,167.0,290.15
368,2.0,167.0,290.15
369,2.0,167.0,290.15
370,2.0,167.0,291.15
371,2.0,167.0,291.15
372,2.0,167.0,291.15
373,2.0,167.0,291.15
374,2.0,167.0,291.65
375,2.0,167.0,292.15
376,2.0,152.0,292.15
377,2.0,130.0,292.15
378,2.0,130.0,292.15
379,2.0,130.0,292.15
380,2.0,130.0,292.15
381,2.0,130.0,292.15
382,2.0,130.0,292.15
383,2.0,132.0,292.15
384,2.0,132.0,292.15
385,2.0,132.0,292.15
386,2.0,132.0,292.15
387,2.0,132.0,292.15
388,2.0,132.0,292.15
389,2.0,134.0,291.15
390,2.0,134.0,291.15
391,2.0,134.0,291.15
392,2.0,134.0,290.15
393,2.0,134.0,290.15
394,2.0,134.0,290.15
395,2.0,139.0,290.15
396,2.0,139.0,289.15
397,2.0,139.0,289.15
398,2.0,139.0,289.15
399,2.0,139.0,289.15
400,2.0,139.0,288.15
401,2.0,139.0,288.15
402,2.0,153.0,288.15
403,2.0,153.0,288.15
404,2.0,153.0,288.15
405,2.0,153.0,288.15
406,2.0,153.0,288.15
407,2.0,172.0,288.15
408,2.0,172.0,288.15
409,2.0,172.0,288.15
410,2.0,172.0,288.15
411,2.0,172.0,288.15
412,2.0,172.0,288.15
413,2.0,188.0,288.15
414,2.0,188.0,288.15
415,2.0,188.0,288.15
416,3.0,188.0,288.15
417,2.0,188.0,288.15
418,2.0,188.0,288.15
419,2.0,193.0,288.15
420,2.0,193.0,287.65
421,2.0,193.0,287.15
422,2.0,193.0,287.15
423,2.0,193.0,287.15
424,2.0,193.0,287.15
425,2.0,192.0,287.15
426,2.0,192.0,287.15
427,2.0,192.0,287.15
428,2.0,192.0,287.15
429,2.0,192.0,287.15
430,2.0,192.0,287.15
431,2.0,187.0,286.65
432,2.0,187.0,286.15
433,2.0,187.0,286.15
434,2.0,187.0,286.15
435,2.0,187.0,286.15
436,2.0,187.0,286.15
437,2.0,192.0,286.15
438,2.0,192.0,286.15
439,2.0,192.0,286.15
440,2.0,192.0,286.15
441,2.0,192.0,286.15
442,2.0,192.0,286.15
443,2.0,202.0,286.15
444,2.0,202.0,286.15
445,2.0,202.0,286.15
446,2.0,202.0,286.15
447,2.0,202.0,286.15
448,2.0,202.0,286.15
449,2.0,202.0,286.15
450,2.0,202.0,286.15
451,2.0,202.0,286.15
452,2.0,202.0,286.15
453,2.0,202.0,285.15
454,2.0,202.0,285.15
455,8.0,202.0,285.15
456,8.0,202.0,285.15
457,4.0,202.0,285.15
458,4.0,202.0,285.15
459,4.0,202.0,285.15
460,4.0,202.0,285.15
461,4.0,202.0,285.15
462,4.0,202.0,285.15
463,4.0,206.0,285.15
464,4.0,206.0,284.65
465,4.0,206.0,284.15
466,4.0,206.0,284.15
467,4.0,212.0,284.65
468,4.0,212.0,285.15
469,4.0,212.0,285.15
470,8.0,212.0,285.15
471,4.0,212.0,285.15
472,4.0,212.0,285.15
473,4.0,212.0,285.15
474,4.0,212.0,284.15
475,8.0,212.0,284.15
476,8.0,212.0,284.15
477,8.0,212.0,284.15
478,8.0,206.0,284.15
479,8.0,208.0,284.15
480,8.0,208.0,284.15
481,8.0,208.0,284.15
482,8.0,208.0,284.65
483,8.0,208.0,285.15
484,8.0,208.0,285.15
485,8.0,209.0,285.15
486,8.0,209.0,285.15
487,8.0,209.0,285.15
488,4.0,209.0,285.15
489,8.0,209.0,285.15
490,8.0,209.0,285.15
491,8.0,202.0,285.15
492,8.0,202.0,285.15
493,4.0,202.0,285.15
494,4.0,202.0,285.15
495,4.0,202.0,285.15
496,4.0,202.0,285.15
497,4.0,205.0,285.15
498,4.0,205.0,285.15
499,4.0,205.0,285.15
500,4.0,205.0,285.15
501,4.0,205.0,285.15
502,4.0,205.0,286.15
503,4.0,219.0,286.15
504,4.0,219.0,286.15
505,4.0,219.0,285.65
506,4.0,219.0,285.15
507,4.0,219.0,285.15
508,4.0,219.0,285.15
509,4.0,219.0,285.15
510,4.0,217.0,285.15
511,4.0,217.0,285.15
512,4.0,217.0,285.15
513,4.0,217.0,285.15
514,4.0,217.0,285.15
515,4.0,222.0,285.15
516,4.0,222.0,285.15
517,4.0,222.0,285.15
518,4.0,222.0,285.15
519,4.0,222.0,285.15
520,4.0,222.0,285.15
521,4.0,228.0,286.15
522,4.0,228.0,285.15
523,4.0,228.0,285.15
524,4.0,228.0,285.15
525,4.0,228.0,285.15
526,4.0,228.0,285.15
527,4.0,237.0,285.15
528,4.0,237.0,285.15
529,4.0,237.0,286.15
530,4.0,237.0,286.15
531,4.0,237.0,285.65
532,4.0,237.0,285.15
533,4.0,237.0,285.15
534,4.0,237.0,285.15
535,4.0,234.0,285.15
536,4.0,234.0,285.15
537,4.0,234.0,285.15
538,4.0,234.0,285.15
539,4.0,234.0,285.15
540,4.0,241.0,285.15
541,3.0,241.0,285.15
542,3.0,241.0,285.15
543,4.0,241.0,285.15
544,4.0,241.0,285.15
545,4.0,226.0,285.15
546,4.0,226.0,285.15
547,8.0,226.0,285.15
548,8.0,226.0,285.15
549,8.0,226.0,285.15
550,8.0,226.0,285.15
551,8.0,211.0,285.15
552,8.0,211.0,285.15
553,8.0,211.0,285.15
554,8.0,211.0,285.15
555,4.0,211.0,285.15
556,4.0,211.0,285.15
557,4.0,211.0,285.15
558,4.0,211.0,285.15
559,4.0,211.0,285.15
560,3.0,211.0,285.15
561,4.0,211.0,285.15
562,4.0,194.0,285.15
563,4.0,194.0,285.15
564,4.0,194.0,285.15
565,4.0,194.0,285.15
566,4.0,194.0,285.15
567,4.0,194.0,285.15
568,4.0,176.0,285.15
569,4.0,176.0,285.15
570,4.0,176.0,285.15
571,4.0,176.0,285.15
572,4.0,176.0,285.15
573,4.0,176.0,285.15
574,4.0,172.0,285.15
575,4.0,172.0,285.15
576,4.0,170.0,285.15
577,4.0,170.0,285.15
578,8.0,170.0,285.15
579,4.0,170.0,285.15
580,4.0,170.0,285.15
581,4.0,165.0,285.15
582,8.0,165.0,285.15
583,8.0,165.0,285.15
584,8.0,165.0,285.15
585,8.0,165.0,285.15
586,8.0,165.0,284.15
587,8.0,159.0,284.15
588,8.0,159.0,284.15
589,8.0,159.0,284.15
590,8.0,159.0,284.15
591,8.0,159.0,284.15
592,8.0,159.0,284.15
593,8.0,159.0,284.15
594,8.0,148.0,284.15
595,8.0,148.0,284.15
596,4.0,148.0,284.15
597,8.0,148.0,284.15
598,8.0,148.0,284.15
599,8.0,139.0,284.15
600,8.0,139.0,284.15
601,4.0,139.0,284.15
602,4.0,139.0,284.15
603,4.0,139.0,284.15
604,4.0,139.0,284.15
605,4.0,139.0,284.15
606,4.0,139.0,284.15
607,4.0,139.0,284.15
608,4.0,139.0,284.15
609,4.0,139.0,284.15
610,4.0,127.0,284.15
611,4.0,127.0,284.15
612,4.0,127.0,284.15
613,4.0,117.0,284.15
614,4.0,117.0,284.15
615,4.0,117.0,284.15
616,4.0,117.0,283.65
617,4.0,88.0,283.15
618,4.0,88.0,283.15
619,4.0,88.0,283.15
620,4.0,88.0,283.15
621,4.0,88.0,283.15
622,4.0,88.0,283.15
623,4.0,57.0,283.15
624,4.0,57.0,283.15
625,4.0,57.0,283.15
626,4.0,57.0,283.15
627,4.0,57.0,283.15
628,4.0,57.0,283.15
629,4.0,32.0,282.65
630,4.0,32.0,282.15
631,4.0,32.0,282.15
632,3.0,32.0,282.15
633,4.0,32.0,282.15
634,4.0,32.0,282.15
635,4.0,29.0,282.15
636,4.0,29.0,282.15
637,4.0,29.0,282.15
638,4.0,29.0,282.15
639,4.0,29.0,282.15
640,4.0,29.0,282.15
641,4.0,26.0,282.15
642,4.0,26.0,282.15
643,4.0,26.0,282.15
644,4.0,26.0,281.15
645,4.0,26.0,281.15
646,4.0,26.0,281.15
647,4.0,30.0,281.15
648,4.0,30.0,281.15
649,4.0,30.0,281.15
650,4.0,30.0,281.15
651,4.0,30.0,281.15
652,4.0,30.0,281.15
653,4.0,31.0,281.15
654,4.0,31.0,281.15
655,4.0,31.0,281.15
656,4.0,31.0,281.15
657,4.0,31.0,281.15
658,4.0,31.0,281.15
659,4.0,34.0,281.15
660,4.0,34.0,281.15
661,4.0,34.0,281.15
662,4.0,34.0,281.15
663,4.0,34.0,281.15
664,4.0,34.0,281.15
665,4.0,38.0,281.15
666,4.0,38.0,281.15
667,4.0,38.0,281.15
668,4.0,38.0,281.15
669,4.0,38.0,281.15
670,4.0,38.0,281.15
671,4.0,39.0,281.15
672,4.0,39.0,281.15
673,4.0,39.0,281.15
674,4.0,39.0,281.15
675,4.0,39.0,281.15
676,4.0,39.0,281.15
677,4.0,39.0,281.15
678,4.0,40.0,281.15
679,4.0,40.0,281.15
680,4.0,40.0,281.15
681,4.0,40.0,281.15
682,4.0,40.0,281.15
683,4.0,42.0,281.15
684,4.0,42.0,281.15
685,4.0,42.0,281.15
686,4.0,42.0,281.15
687,4.0,42.0,281.15
688,4.0,42.0,281.15
689,4.0,44.0,281.15
690,4.0,44.0,281.15
691,4.0,44.0,281.15
692,4.0,44.0,281.15
693,4.0,44.0,281.15
694,4.0,44.0,281.15
695,4.0,46.0,281.15
696,4.0,46.0,281.15
697,4.0,46.0,281.15
698,4.0,46.0,281.15
699,4.0,46.0,281.15
700,4.0,46.0,281.15
701,4.0,48.0,281.15
702,4.0,48.0,281.15
703,4.0,48.0,281.15
704,4.0,48.0,281.15
705,4.0,48.0,281.15
706,4.0,48.0,281.15
707,4.0,48.0,281.15
708,4.0,48.0,281.15
709,4.0,48.0,281.15
710,4.0,48.0,281.15
711,4.0,48.0,281.15
712,4.0,52.0,281.15
713,4.0,52.0,281.15
714,4.0,52.0,281.15
715,4.0,52.0,281.15
716,4.0,52.0,281.15
717,4.0,52.0,281.15
718,4.0,55.0,281.15
719,4.0,53.0,281.15
720,4.0,53.0,281.15
721,4.0,53.0,281.15
722,4.0,53.0,281.15
723,4.0,53.0,281.15
724,4.0,53.0,281.15
725,4.0,56.0,281.15
726,8.0,56.0,281.15
727,8.0,56.0,281.15
728,8.0,56.0,281.15
729,8.0,56.0,281.15
730,8.0,56.0,281.15
731,3.0,55.0,281.15
732,3.0,55.0,281.15
733,3.0,55.0,281.15
734,3.0,55.0,281.15
735,3.0,55.0,281.15
736,3.0,55.0,281.15
737,3.0,55.0,281.15
738,3.0,45.0,281.15
739,3.0,45.0,280.65
740,4.0,45.0,280.15
741,3.0,45.0,280.15
742,3.0,45.0,280.15
743,3.0,42.0,280.15
744,3.0,42.0,280.15
745,4.0,42.0,280.15
746,4.0,42.0,280.15
747,4.0,42.0,280.15
748,4.0,42.0,280.15
749,4.0,42.0,280.15
750,4.0,42.0,280.15
751,4.0,42.0,280.15
752,4.0,42.0,280.15
753,4.0,42.0,280.15
754,4.0,42.0,280.15
755,4.0,46.0,280.15
756,4.0,46.0,280.15
757,4.0,46.0,280.15
758,4.0,46.0,280.15
759,4.0,46.0,280.15
760,4.0,46.0,280.15
761,4.0,50.0,280.15
762,4.0,50.0,280.15
763,4.0,50.0,280.15
764,4.0,50.0,280.15
765,4.0,50.0,280.15
766,4.0,50.0,280.15
767,4.0,55.0,280.15
768,4.0,55.0,280.15
769,4.0,55.0,280.15
770,4.0,55.0,280.15
771,4.0,55.0,280.15
772,4.0,55.0,280.15
773,4.0,54.0,280.15
774,4.0,54.0,280.15
775,4.0,54.0,280.15
776,4.0,54.0,280.15
777,4.0,54.0,280.15
778,4.0,54.0,280.15
779,4.0,54.0,280.15
780,4.0,54.0,280.15
781,4.0,54.0,280.15
782,4.0,54.0,280.15
783,4.0,54.0,280.15
784,4.0,54.0,280.15
785,4.0,59.0,280.15
786,4.0,59.0,280.15
787,4.0,59.0,280.15
788,4.0,59.0,281.15
789,4.0,59.0,281.15
790,4.0,59.0,281.15
791,4.0,64.0,281.15
792,4.0,64.0,280.65
793,4.0,64.0,280.15
794,4.0,64.0,280.15
795,4.0,64.0,280.15
796,4.0,64.0,280.15
797,4.0,68.0,280.15
798,4.0,68.0,280.15
799,4.0,68.0,280.15
800,4.0,68.0,280.15
801,4.0,68.0,280.15
802,4.0,68.0,280.65
803,4.0,66.0,281.15
804,4.0,66.0,281.15
805,4.0,66.0,281.15
806,4.0,66.0,281.15
807,4.0,66.0,281.15
808,4.0,66.0,281.15
809,4.0,69.0,281.15
810,4.0,69.0,281.15
811,4.0,69.0,281.15
812,3.0,69.0,281.15
813,4.0,69.0,281.15
814,4.0,69.0,281.15
815,4.0,69.0,281.15
816,4.0,69.0,281.15
817,4.0,69.0,281.15
818,4.0,69.0,281.15
819,4.0,69.0,281.15
820,4.0,75.0,281.15
821,4.0,83.0,281.15
822,4.0,83.0,281.15
823,4.0,83.0,281.15
824,4.0,83.0,281.15
825,4.0,83.0,281.15
826,4.0,83.0,281.15
827,4.0,83.0,281.15
828,4.0,83.0,281.15
829,4.0,83.0,281.15
830,4.0,83.0,281.15
831,4.0,83.0,281.15
832,4.0,86.0,281.15
833,4.0,86.0,281.15
834,4.0,85.0,281.15
835,4.0,85.0,281.15
836,4.0,85.0,281.15
837,4.0,85.0,281.15
838,4.0,85.0,281.15
839,4.0,88.0,281.15
840,4.0,88.0,281.15
841,4.0,88.0,281.15
842,4.0,88.0,281.15
843,4.0,88.0,281.15
844,4.0,88.0,281.15
845,4.0,93.0,281.15
846,4.0,93.0,281.15
847,4.0,93.0,280.65
848,3.0,93.0,280.15
849,4.0,93.0,280.15
850,4.0,93.0,280.15
851,4.0,93.0,280.15
852,4.0,93.0,280.15
853,4.0,93.0,280.15
854,4.0,93.0,280.15
855,4.0,93.0,280.15
856,4.0,93.0,280.15
857,4.0,93.0,280.15
858,4.0,93.0,280.15
859,4.0,93.0,280.15
860,4.0,93.0,280.15
861,4.0,93.0,280.15
862,4.0,93.0,280.15
863,4.0,93.0,281.15
864,4.0,93.0,281.15
865,4.0,93.0,281.15
866,4.0,93.0,281.15
867,4.0,93.0,281.15
868,4.0,92.0,281.15
869,4.0,92.0,281.15
870,4.0,92.0,281.15
871,4.0,92.0,281.15
872,4.0,92.0,281.15
873,4.0,92.0,280.65
874,4.0,92.0,280.15
875,4.0,90.0,280.15
876,4.0,90.0,280.15
877,4.0,90.0,280.15
878,4.0,90.0,280.15
879,4.0,90.0,280.15
880,4.0,90.0,280.15
881,4.0,92.0,280.15
882,4.0,92.0,280.15
883,4.0,92.0,280.15
884,4.0,92.0,280.15
885,4.0,92.0,280.15
886,4.0,92.0,280.15
887,4.0,99.0,280.15
888,4.0,99.0,280.15
889,4.0,99.0,280.15
890,4.0,99.0,280.15
891,4.0,99.0,280.15
892,4.0,99.0,280.15
893,4.0,99.0,280.15
894,4.0,102.0,280.15
895,4.0,102.0,280.15
896,4.0,102.0,280.15
897,4.0,102.0,280.15
898,4.0,102.0,280.15
899,4.0,107.0,280.15
900,4.0,107.0,280.15
901,4.0,107.0,280.15
902,4.0,107.0,280.15
903,4.0,107.0,280.15
904,4.0,107.0,280.15
905,4.0,107.0,280.15
906,4.0,107.0,280.15
907,4.0,107.0,280.15
908,4.0,107.0,280.15
909,4.0,107.0,280.15
910,4.0,107.0,280.15
911,4.0,105.0,280.15
912,4.0,105.0,280.15
913,4.0,105.0,280.15
914,4.0,105.0,280.15
915,2.0,105.0,280.15
916,2.0,105.0,280.15
917,2.0,102.0,280.15
918,2.0,102.0,280.15
919,3.0,102.0,280.15
920,3.0,102.0,280.15
921,2.0,102.0,280.15
922,2.0,102.0,280.15
923,2.0,101.0,280.15
924,2.0,101.0,280.15
925,3.0,101.0,280.15
926,3.0,101.0,281.15
927,3.0,101.0,281.15
928,3.0,101.0,281.15
929,3.0,98.0,281.15
930,3.0,98.0,281.15
931,3.0,98.0,281.15
932,3.0,98.0,281.15
933,3.0,98.0,281.15
934,3.0,98.0,281.65
935,3.0,98.0,281.65
936,3.0,98.0,281.15
937,3.0,98.0,281.65
938,3.0,98.0,282.15
939,3.0,98.0,282.15
940,3.0,103.0,281.15
941,3.0,106.0,281.15
942,3.0,106.0,281.15
943,3.0,106.0,281.15
944,3.0,106.0,281.15
945,3.0,106.0,281.15
946,3.0,106.0,281.15
947,3.0,113.0,281.15
948,3.0,113.0,281.15
949,3.0,113.0,281.15
950,3.0,113.0,281.15
951,3.0,113.0,281.15
952,3.0,113.0,281.15
953,3.0,120.0,281.15
954,3.0,120.0,281.15
955,3.0,120.0,281.15
956,3.0,120.0,281.15
957,3.0,120.0,281.15
958,3.0,120.0,281.15
959,3.0,120.0,281.15
960,3.0,120.0,281.15
961,3.0,120.0,281.15
962,3.0,120.0,281.15
963,3.0,120.0,281.15
964,3.0,120.0,281.15
965,3.0,120.0,282.15
966,3.0,120.0,282.15
967,3.0,120.0,282.15
968,3.0,120.0,282.15
969,3.0,120.0,282.15
970,3.0,120.0,281.15
971,3.0,124.0,281.15
972,3.0,124.0,281.15
973,3.0,124.0,281.15
974,3.0,124.0,281.15
975,3.0,124.0,281.15
976,3.0,124.0,281.15
977,3.0,122.0,281.15
978,3.0,122.0,281.15
979,2.0,122.0,281.15
980,2.0,122.0,281.15
981,2.0,122.0,281.15
982,2.0,122.0,281.15
983,2.0,122.0,281.15
984,2.0,122.0,280.65
985,2.0,122.0,280.15
986,2.0,122.0,280.15
987,2.0,122.0,280.15
988,2.0,138.0,280.15
989,2.0,138.0,280.15
990,2.0,138.0,280.15
991,2.0,138.0,280.15
992,2.0,138.0,280.15
993,2.0,138.0,280.15
994,2.0,146.0,280.15
995,2.0,146.0,280.15
996,2.0,146.0,280.15
997,4.0,146.0,280.15
998,4.0,146.0,280.15
999,4.0,146.0,280.15
1000,4.0,152.0,280.15
1001,4.0,160.0,280.15
1002,4.0,160.0,280.15
1003,4.0,160.0,279.15
1004,4.0,160.0,279.15
1005,4.0,160.0,279.15
1006,4.0,160.0,279.15
1007,4.0,160.0,279.15
1008,4.0,160.0,279.15
1009,4.0,160.0,279.15
1010,4.0,160.0,279.15
1011,4.0,160.0,279.15
1012,4.0,160.666666667,278.816666667
1013,2.0,161.333333333,278.483333333
1014,2.0,162.0,278.15
1015,2.0,162.0,278.15
1016,2.0,162.0,278.15
1017,2.0,162.0,278.15
1018,2.0,162.0,277.65
1019,2.0,155.0,277.15
1020,2.0,155.0,277.15
1021,2.0,155.0,277.15
1022,2.0,155.0,277.15
1023,2.0,155.0,277.15
1024,2.0,155.0,277.15
1025,2.0,143.0,277.15
1026,2.0,143.0,277.15
1027,2.0,143.0,277.15
1028,2.0,143.0,277.15
1029,2.0,143.0,276.65
1030,2.0,143.0,276.15
1031,2.0,120.0,276.15
1032,2.0,120.0,276.15
1033,3.0,120.0,276.15
1034,3.0,120.0,276.15
1035,3.0,120.0,276.15
1036,3.0,120.0,276.15
1037,3.0,120.0,276.15
1038,3.0,100.0,276.15
1039,3.0,100.0,276.15
1040,3.0,100.0,276.15
1041,3.0,100.0,276.15
1042,3.0,100.0,276.15
1043,3.0,81.0,276.15
1044,3.0,81.0,276.15
1045,3.0,81.0,276.15
1046,3.0,81.0,276.15
1047,3.0,81.0,276.15
1048,3.0,81.0,276.65
1049,3.0,72.0,277.15
1050,3.0,72.0,277.15
1051,2.0,72.0,277.15
1052,2.0,72.0,277.15
1053,2.0,72.0,277.15
1054,2.0,72.0,277.15
1055,2.0,81.0,277.15
1056,2.0,81.0,277.15
1057,2.0,81.0,277.15
1058,2.0,81.0,277.15
1059,2.0,81.0,277.15
1060,2.0,81.0,277.15
1061,2.0,93.0,277.15
1062,2.0,93.0,277.15
1063,2.0,93.0,277.15
1064,2.0,93.0,277.15
1065,2.0,93.0,277.15
1066,2.0,93.0,277.15
1067,2.0,98.0,277.15
1068,2.0,98.0,277.65
1069,3.0,98.0,278.15
1070,3.0,98.0,278.15
1071,3.0,98.0,278.15
1072,3.0,98.0,278.15
1073,3.0,97.0,278.15
1074,3.0,97.0,278.15
1075,3.0,97.0,278.15
1076,3.0,97.0,278.15
1077,3.0,97.0,278.15
1078,3.0,97.0,278.15
1079,3.0,102.0,279.15
1080,3.0,102.0,279.15
1081,3.0,102.0,279.15
1082,3.0,102.0,279.15
1083,3.0,102.0,279.15
1084,3.0,102.0,279.15
1085,3.0,101.0,279.15
1086,3.0,101.0,279.15
1087,3.0,101.0,279.15
1088,3.0,101.0,279.15
1089,3.0,101.0,279.15
1090,3.0,101.0,279.15
1091,3.0,104.0,279.15
1092,3.0,104.0,279.15
1093,3.0,104.0,279.15
1094,3.0,104.0,279.15
1095,3.0,104.0,279.15
1096,3.0,104.0,279.15
1097,3.0,110.0,279.15
1098,3.0,110.0,279.15
1099,3.0,110.0,279.15
1100,3.0,110.0,279.15
1101,3.0,110.0,279.15
1102,3.0,110.0,279.15
1103,3.0,114.0,279.15
1104,3.0,114.0,279.15
1105,3.0,114.0,279.15
1106,3.0,114.0,279.15
1107,3.0,114.0,279.15
1108,3.0,114.0,279.15
1109,3.0,114.0,279.15
1110,3.0,114.0,279.15
1111,3.0,114.0,279.15
1112,3.0,114.0,279.15
1113,3.0,114.0,279.15
1114,3.0,116.0,279.15
1115,3.0,116.0,279.15
1116,3.0,116.0,278.15
1117,3.0,116.0,278.15
1118,3.0,116.0,278.15
1119,3.0,116.0,278.15
1120,3.0,115.0,278.15
1121,3.0,111.0,278.15
1122,3.0,111.0,278.15
1123,2.0,111.0,278.15
1124,2.0,111.0,278.15
1125,2.0,111.0,278.15
1126,2.0,111.0,278.15
1127,2.0,113.0,278.15
1128,2.0,113.0,278.15
1129,2.0,113.0,278.15
1130,2.0,113.0,278.15
1131,2.0,113.0,278.15
1132,2.0,113.0,278.15
1133,2.0,120.0,277.15
1134,2.0,120.0,277.15
1135,2.0,120.0,277.15
1136,2.0,120.0,277.15
1137,2.0,120.0,277.15
1138,2.0,120.0,277.15
1139,2.0,120.0,277.15
1140,2.0,120.0,277.15
1141,2.0,120.0,277.15
1142,2.0,120.0,277.15
1143,2.0,120.0,277.15
1144,2.0,120.0,277.15
1145,2.0,127.0,277.15
1146,2.0,127.0,277.15
1147,2.0,127.0,277.15
1148,2.0,127.0,277.15
1149,2.0,127.0,277.15
1150,2.0,127.0,277.15
1151,2.0,127.0,277.15
1152,2.0,127.0,277.15
1153,2.0,127.0,277.15
1154,2.0,127.0,277.15
1155,2.0,127.0,277.15
1156,2.0,128.0,277.15
1157,2.0,132.0,277.15
1158,2.0,132.0,277.15
1159,2.0,132.0,276.65
1160,2.0,132.0,276.15
1161,2.0,132.0,276.15
1162,2.0,132.0,276.15
1163,2.0,136.0,276.15
1164,2.0,136.0,276.15
1165,2.0,136.0,276.15
1166,2.0,136.0,276.15
1167,2.0,136.0,276.15
1168,2.0,136.0,276.15
1169,2.0,132.0,276.15
1170,2.0,132.0,276.15
1171,2.0,132.0,276.15
1172,2.0,132.0,276.15
1173,2.0,132.0,276.15
1174,2.0,132.0,276.15
1175,2.0,133.0,276.15
1176,2.0,133.0,276.15
1177,2.0,133.0,276.15
1178,2.0,133.0,276.15
1179,2.0,133.0,276.15
1180,2.0,133.0,276.15
1181,2.0,133.0,276.15
1182,2.0,132.0,276.15
1183,2.0,132.0,276.15
1184,2.0,132.0,276.15
1185,2.0,132.0,276.15
1186,2.0,132.0,276.15
1187,2.0,131.0,276.15
1188,2.0,131.0,276.15
1189,2.0,131.0,276.15
1190,2.0,131.0,276.15
1191,2.0,131.0,276.15
1192,2.0,131.0,276.15
1193,2.0,125.0,276.15
1194,2.0,125.0,276.15
1195,2.0,125.0,276.15
1196,8.0,125.0,276.15
1197,8.0,125.0,276.15
1198,8.0,125.0,276.15
1199,8.0,122.0,276.15
1200,8.0,122.0,276.15
1201,8.0,122.0,276.15
1202,8.0,122.0,276.15
1203,8.0,122.0,276.15
1204,8.0,122.0,276.15
1205,8.0,122.0,276.15
1206,8.0,122.0,276.15
1207,8.0,122.0,276.15
1208,8.0,122.0,276.15
1209,8.0,122.0,276.15
1210,8.0,122.0,276.15
1211,8.0,132.0,276.15
1212,8.0,132.0,276.15
1213,2.0,132.0,276.15
1214,2.0,132.0,276.15
1215,2.0,132.0,276.15
1216,2.0,132.0,278.15
1217,2.0,145.0,278.15
1218,2.0,145.0,278.15
1219,2.0,145.0,279.15
1220,2.0,145.0,279.15
1221,2.0,145.0,279.15
1222,2.0,145.0,279.15
1223,2.0,159.0,279.15
1224,2.0,159.0,281.15
1225,2.0,159.0,281.15
1226,2.0,159.0,281.15
1227,2.0,159.0,281.15
1228,2.0,159.0,281.15
1229,2.0,157.0,282.15
1230,2.0,157.0,282.15
1231,2.0,157.0,282.15
1232,2.0,157.0,282.15
1233,2.0,157.0,282.15
1234,2.0,157.0,282.15
1235,2.0,139.0,282.15
1236,2.0,139.0,282.15
1237,2.0,139.0,282.15
1238,2.0,139.0,282.15
1239,2.0,139.0,282.15
1240,2.0,139.0,282.15
1241,2.0,139.0,282.15
1242,2.0,139.0,282.15
1243,2.0,139.0,282.15
1244,2.0,139.0,282.15
1245,2.0,139.0,282.15
1246,2.0,139.0,282.15
1247,2.0,141.0,282.15
1248,2.0,141.0,282.15
1249,2.0,141.0,282.15
1250,2.0,141.0,282.15
1251,2.0,141.0,282.15
1252,2.0,141.0,282.15
1253,2.0,144.0,282.15
1254,2.0,144.0,282.15
1255,2.0,144.0,282.15
1256,2.0,144.0,282.15
1257,2.0,144.0,282.15
1258,2.0,144.0,282.15
1259,2.0,148.0,281.15
1260,2.0,148.0,281.15
1261,2.0,148.0,281.15
1262,2.0,148.0,281.15
1263,2.0,148.0,281.15
1264,2.0,148.0,281.15
1265,2.0,151.0,281.15
1266,2.0,151.0,281.15
1267,3.0,151.0,281.15
1268,3.0,151.0,281.15
1269,3.0,151.0,281.15
1270,3.0,151.0,281.15
1271,3.0,163.0,281.15
1272,3.0,163.0,281.15
1273,3.0,163.0,281.15
1274,3.0,163.0,281.15
1275,3.0,163.0,281.15
1276,3.0,163.0,281.15
1277,3.0,173.0,281.15
1278,3.0,173.0,281.15
1279,3.0,173.0,281.15
1280,3.0,173.0,281.15
1281,3.0,173.0,281.15
1282,3.0,173.0,281.15
1283,3.0,178.0,281.15
1284,3.0,178.0,281.15
1285,3.0,178.0,281.15
1286,3.0,178.0,281.15
1287,3.0,178.0,281.15
1288,3.0,178.0,280.15
1289,3.0,183.0,280.15
1290,3.0,183.0,280.15
1291,3.0,183.0,280.15
1292,3.0,183.0,280.15
1293,3.0,183.0,280.15
1294,3.0,183.0,280.15
1295,3.0,185.0,280.15
1296,3.0,185.0,280.15
1297,3.0,185.0,280.15
1298,3.0,185.0,280.15
1299,3.0,185.0,280.15
1300,3.0,185.0,280.15
1301,3.0,181.0,280.15
1302,2.0,181.0,279.15
1303,2.0,181.0,279.15
1304,2.0,181.0,279.15
1305,2.0,181.0,279.15
1306,2.0,181.0,279.15
1307,2.0,177.0,279.15
1308,2.0,177.0,279.15
1309,2.0,177.0,279.15
1310,2.0,177.0,279.15
1311,2.0,177.0,279.15
1312,2.0,177.0,279.15
1313,8.0,167.0,279.15
1314,8.0,167.0,279.15
1315,8.0,167.0,279.15
1316,8.0,167.0,279.15
1317,8.0,167.0,279.15
1318,8.0,167.0,279.15
1319,8.0,164.0,279.15
1320,8.0,164.0,279.15
1321,8.0,164.0,279.15
1322,8.0,164.0,279.15
1323,8.0,164.0,279.15
1324,8.0,164.0,279.15
1325,8.0,164.0,279.15
1326,8.0,161.0,279.15
1327,8.0,161.0,279.15
1328,8.0,161.0,279.15
1329,8.0,161.0,279.15
1330,8.0,161.0,279.15
1331,8.0,159.0,279.15
1332,8.0,159.0,279.15
1333,8.0,159.0,279.15
1334,8.0,159.0,279.15
1335,8.0,159.0,279.15
1336,8.0,159.0,279.15
1337,8.0,153.0,279.15
1338,8.0,153.0,279.15
1339,8.0,153.0,279.15
1340,8.0,153.0,279.15
1341,8.0,153.0,279.15
1342,8.0,153.0,279.15
1343,8.0,153.0,279.15
1344,8.0,153.0,279.15
1345,8.0,153.0,279.15
1346,8.0,153.0,279.15
1347,4.0,153.0,279.15
1348,4.0,153.0,279.15
1349,4.0,155.0,279.15
1350,4.0,155.0,279.65
1351,4.0,155.0,280.15
1352,4.0,155.0,280.15
1353,4.0,155.0,280.15
1354,4.0,155.0,280.15
1355,4.0,162.0,280.15
1356,4.0,162.0,280.15
1357,2.0,162.0,280.15
1358,2.0,162.0,280.15
1359,2.0,162.0,280.15
1360,2.0,162.0,280.15
1361,2.0,173.0,280.15
1362,2.0,173.0,280.15
1363,2.0,173.0,280.15
1364,2.0,173.0,280.15
1365,2.0,173.0,280.15
1366,2.0,173.0,280.15
1367,8.0,173.0,280.15
1368,8.0,184.0,280.15
1369,8.0,184.0,280.15
1370,8.0,184.0,280.15
1371,8.0,184.0,280.15
1372,8.0,184.0,280.15
1373,8.0,192.0,280.15
1374,8.0,192.0,280.15
1375,8.0,192.0,280.15
1376,8.0,192.0,280.15
1377,8.0,192.0,280.15
1378,8.0,192.0,280.15
1379,8.0,191.0,280.15
1380,8.0,191.0,280.15
1381,8.0,191.0,280.15
1382,8.0,191.0,280.15
1383,8.0,191.0,280.15
1384,8.0,191.0,280.15
1385,8.0,183.0,280.15
1386,8.0,183.0,280.15
1387,8.0,183.0,280.15
1388,8.0,183.0,280.15
1389,8.0,183.0,280.15
1390,8.0,183.0,280.15
1391,8.0,182.0,280.15
1392,8.0,182.0,280.15
1393,4.0,182.0,280.15
1394,4.0,182.0,280.15
1395,4.0,182.0,280.15
1396,4.0,182.0,280.15
1397,4.0,180.0,280.15
1398,4.0,180.0,280.15
1399,4.0,180.0,280.15
1400,4.0,180.0,280.15
1401,4.0,180.0,280.15
1402,4.0,180.0,280.15
1403,4.0,177.0,280.15
1404,4.0,177.0,280.15
1405,4.0,177.0,280.15
1406,4.0,177.0,280.15
1407,4.0,177.0,280.15
1408,4.0,177.0,280.15
1409,4.0,156.0,280.15
1410,4.0,156.0,280.15
1411,4.0,156.0,280.15
1412,4.0,156.0,280.15
1413,4.0,156.0,280.15
1414,4.0,156.0,280.15
1415,4.0,156.0,280.15
1416,4.0,152.0,280.15
1417,4.0,148.0,280.15
1418,4.0,148.0,280.15
1419,4.0,148.0,280.15
1420,4.0,148.0,280.15
1421,4.0,146.75,280.4
1422,4.0,145.5,280.65
1423,4.0,144.25,280.9
1424,4.0,143.0,281.15
1425,4.0,143.0,281.15
1426,4.0,143.0,281.15
1427,4.0,143.0,281.15
1428,4.0,140.5,281.15
1429,4.0,138.0,281.15
1430,4.0,138.0,281.15
1431,4.0,138.0,281.15
1432,4.0,135.75,281.15
1433,4.0,133.5,281.15
1434,4.0,131.25,281.15
1435,4.0,129.0,281.15
1436,4.0,129.0,281.65
1437,4.0,129.0,282.15
1438,4.0,125.0,281.65
1439,4.0,121.0,281.15
1440,4.0,121.0,281.15
1441,4.0,121.0,281.15
1442,4.0,121.0,281.15
1443,4.0,121.0,281.15
1444,4.0,121.0,281.15
1445,4.0,103.0,281.15
1446,4.0,103.0,281.15
1447,4.0,103.0,281.15
1448,4.0,103.0,281.15
1449,4.0,103.0,281.15
1450,4.0,103.0,281.15
1451,4.0,83.0,281.15
1452,4.0,83.0,281.15
1453,4.0,83.0,281.15
1454,4.0,83.0,281.15
1455,4.0,83.0,281.15
1456,4.0,83.0,281.15
1457,4.0,62.0,281.15
1458,4.0,62.0,281.15
1459,4.0,62.0,281.15
1460,4.0,62.0,281.15
1461,4.0,62.0,281.15
1462,4.0,62.0,281.15
1463,4.0,47.0,281.15
1464,4.0,47.0,281.15
1465,4.0,47.0,280.15
1466,4.0,47.0,280.15
1467,4.0,47.0,280.15
1468,4.0,47.0,280.15
1469,4.0,33.0,280.15
1470,4.0,33.0,280.65
1471,4.0,33.0,281.15
1472,4.0,33.0,281.15
1473,4.0,33.0,281.15
1474,4.0,33.0,281.15
1475,4.0,33.0,281.15
1476,4.0,33.0,281.15
1477,4.0,33.0,280.15
1478,4.0,33.0,280.15
1479,4.0,33.0,280.15
1480,4.0,33.0,280.15
1481,4.0,35.0,280.15
1482,4.0,35.0,280.15
1483,4.0,35.0,280.15
1484,4.0,35.0,280.15
1485,4.0,35.0,280.15
1486,4.0,35.0,280.15
1487,4.0,42.0,280.15
1488,4.0,42.0,280.15
1489,4.0,42.0,280.15
1490,4.0,42.0,280.15
1491,2.0,42.0,280.15
1492,2.0,42.0,280.15
1493,2.0,54.0,280.15
1494,2.0,54.0,280.15
1495,2.0,54.0,280.15
1496,2.0,54.0,280.15
1497,2.0,54.0,280.15
1498,2.0,54.0,280.15
1499,2.0,61.0,280.15
1500,2.0,61.0,280.15
1501,2.0,61.0,280.15
1502,2.0,61.0,280.15
1503,2.0,61.0,280.15
1504,2.0,61.0,280.15
1505,2.0,61.0,280.15
1506,2.0,56.0,280.15
1507,2.0,56.0,280.15
1508,2.0,56.0,280.15
1509,2.0,56.0,280.15
1510,2.0,56.0,280.15
1511,2.0,56.0,280.15
1512,2.0,45.0,280.15
1513,2.0,45.0,280.15
1514,2.0,45.0,279.15
1515,2.0,45.0,279.15
1516,2.0,45.0,279.15
1517,2.0,36.0,279.15
1518,4.0,36.0,279.15
1519,4.0,36.0,279.15
1520,4.0,36.0,279.15
1521,4.0,36.0,279.15
1522,4.0,36.0,279.15
1523,4.0,41.0,279.15
1524,4.0,41.0,279.15
1525,4.0,41.0,279.15
1526,4.0,41.0,279.15
1527,4.0,41.0,279.15
1528,4.0,41.0,279.15
1529,4.0,55.0,279.15
1530,4.0,55.0,279.15
1531,4.0,55.0,279.15
1532,4.0,55.0,279.15
1533,4.0,55.0,279.15
1534,4.0,55.0,279.15
1535,4.0,55.0,279.15
1536,4.0,55.0,279.15
1537,4.0,55.0,279.15
1538,4.0,55.0,279.15
1539,4.0,55.0,279.15
1540,4.0,67.0,279.15
1541,4.0,67.0,279.15
1542,4.0,67.0,279.15
1543,4.0,67.0,279.15
1544,4.0,67.0,278.15
1545,4.0,67.0,278.15
1546,4.0,69.0,278.15
1547,4.0,69.0,278.15
1548,4.0,69.0,278.15
1549,4.0,69.0,278.15
1550,4.0,69.0,278.15
1551,4.0,69.0,279.15
1552,4.0,69.0,279.15
1553,4.0,59.0,279.15
1554,2.0,59.0,279.15
1555,2.0,59.0,278.15
1556,2.0,59.0,278.15
1557,2.0,59.0,278.15
1558,2.0,55.0,278.15
1559,2.0,72.0,278.15
1560,2.0,72.0,278.15
1561,2.0,72.0,278.15
1562,4.0,72.0,278.15
1563,4.0,72.0,278.15
1564,4.0,72.0,278.15
1565,4.0,82.0,278.15
1566,4.0,82.0,278.15
1567,4.0,82.0,278.15
1568,4.0,82.0,278.15
1569,4.0,82.0,278.15
1570,4.0,82.0,278.15
1571,4.0,80.8421052632,278.15
1572,4.0,79.6842105263,278.15
1573,4.0,78.5263157895,278.15
1574,4.0,77.3684210526,278.15
1575,4.0,76.2105263158,278.15
1576,4.0,75.0526315789,278.15
1577,4.0,73.8947368421,278.15
1578,4.0,72.7368421053,278.15
1579,4.0,71.5789473684,278.15
1580,2.0,70.4210526316,278.15
1581,2.0,69.2631578947,278.15
1582,2.0,68.1052631579,278.15
1583,2.0,66.9473684211,278.15
1584,2.0,65.7894736842,278.15
1585,2.0,64.6315789474,278.15
1586,2.0,63.4736842105,278.15
1587,2.0,62.3157894737,278.15
1588,2.0,61.1578947368,278.15
1589,2.0,60.0,278.15
1590,2.0,60.0,278.15
1591,2.0,60.0,278.15
1592,2.0,60.0,278.15
1593,2.0,60.0,278.15
1594,2.0,60.0,278.15
1595,2.0,53.0,278.15
1596,2.0,53.0,278.15
1597,2.0,53.0,278.15
1598,2.0,53.0,278.15
1599,2.0,53.0,278.15
1600,2.0,53.0,278.15
1601,2.0,48.0,278.15
1602,2.0,48.0,278.15
1603,2.0,48.0,278.15
1604,2.0,48.0,278.15
1605,2.0,48.0,278.15
1606,2.0,48.0,278.15
1607,2.0,41.0,278.15
1608,2.0,41.0,278.15
1609,2.0,41.0,277.15
1610,2.0,41.0,277.15
1611,2.0,41.0,277.15
1612,2.0,41.0,277.15
1613,2.0,41.0,277.15
1614,2.0,43.0,277.15
1615,2.0,43.0,277.15
1616,2.0,43.0,277.15
1617,2.0,43.0,277.15
1618,2.0,43.0,277.15
1619,2.0,48.0,277.15
1620,2.0,48.0,277.15
1621,2.0,48.0,277.15
1622,2.0,48.0,277.15
1623,2.0,48.0,277.15
1624,2.0,48.0,277.15
1625,2.0,48.0,277.15
1626,2.0,48.0,277.15
1627,4.0,48.0,277.15
1628,4.0,48.0,277.15
1629,4.0,48.0,277.15
1630,4.0,52.0,277.15
1631,4.0,52.0,277.15
1632,4.0,52.0,277.15
1633,4.0,52.0,277.15
1634,4.0,52.0,277.15
1635,2.0,52.0,277.15
1636,2.0,52.0,277.15
1637,2.0,47.0,277.15
1638,2.0,47.0,277.15
1639,2.0,47.0,277.15
1640,2.0,47.0,277.15
1641,2.0,47.0,277.15
1642,2.0,47.0,277.15
1643,2.0,46.0,277.15
1644,2.0,46.0,277.15
1645,3.0,46.0,277.15
1646,3.0,46.0,277.15
1647,3.0,46.0,277.15
1648,3.0,46.0,277.15
1649,3.0,47.0,277.15
1650,3.0,47.0,277.15
1651,3.0,47.0,277.15
1652,3.0,47.0,277.15
1653,3.0,47.0,277.15
1654,3.0,47.0,277.15
1655,3.0,47.0,277.15
1656,3.0,47.0,277.15
1657,3.0,47.0,277.15
1658,3.0,47.0,277.15
1659,3.0,47.0,277.15
1660,3.0,51.0,277.15
1661,3.0,57.0,277.15
1662,3.0,57.0,277.15
1663,3.0,57.0,277.15
1664,3.0,57.0,277.15
1665,3.0,57.0,277.15
1666,3.0,57.0,277.15
1667,3.0,60.0,277.15
1668,3.0,60.0,277.15
1669,3.0,60.0,277.15
1670,3.0,60.0,277.15
1671,3.0,60.0,277.15
1672,3.0,60.0,277.15
1673,3.0,64.0,277.15
1674,3.0,64.0,277.15
1675,3.0,64.0,277.15
1676,3.0,64.0,277.15
1677,3.0,64.0,277.15
1678,3.0,64.0,277.15
1679,3.0,68.0,277.15
1680,3.0,68.0,277.15
1681,3.0,68.0,277.15
1682,3.0,68.0,277.15
1683,3.0,68.0,277.15
1684,3.0,68.0,276.65
1685,3.0,68.0,276.15
1686,3.0,68.0,276.15
1687,3.0,68.0,276.15
1688,3.0,68.0,276.65
1689,3.0,68.0,276.65
1690,3.0,75.0,276.15
1691,3.0,81.0,276.15
1692,3.0,81.0,276.15
1693,3.0,81.0,276.15
1694,3.0,81.0,276.15
1695,3.0,81.0,276.15
1696,3.0,81.0,276.15
1697,3.0,84.0,276.15
1698,3.0,84.0,276.15
1699,2.0,84.0,276.15
1700,2.0,84.0,276.15
1701,2.0,84.0,276.15
1702,2.0,84.0,276.15
1703,2.0,86.0,276.15
1704,2.0,86.0,276.15
1705,2.0,86.0,276.15
1706,2.0,86.0,276.15
1707,2.0,86.0,276.15
1708,2.0,86.0,276.15
1709,2.0,86.0,276.15
1710,2.0,86.0,276.15
1711,2.0,86.0,276.15
1712,2.0,86.0,276.15
1713,2.0,86.0,276.15
1714,2.0,89.0,276.15
1715,2.0,90.0,276.15
1716,2.0,90.0,276.15
1717,2.0,90.0,276.15
1718,2.0,90.0,276.15
1719,2.0,90.0,276.15
1720,3.0,90.0,276.15
1721,3.0,94.0,276.15
1722,3.0,94.0,276.15
1723,3.0,94.0,276.15
1724,3.0,94.0,276.15
1725,3.0,94.0,276.15
1726,3.0,94.0,276.15
1727,3.0,94.0,276.15
1728,3.0,94.0,276.15
1729,3.0,94.0,276.15
1730,3.0,94.0,276.15
1731,3.0,94.0,276.15
1732,3.0,96.0,276.15
1733,3.0,99.0,276.15
1734,3.0,99.0,276.15
1735,3.0,99.0,276.15
1736,3.0,99.0,276.15
1737,3.0,99.0,276.15
1738,3.0,99.0,276.15
1739,3.0,101.0,276.15
1740,3.0,101.0,276.15
1741,3.0,101.0,276.15
1742,3.0,101.0,276.15
1743,3.0,101.0,276.15
1744,3.0,101.0,276.15
1745,3.0,101.0,276.15
1746,3.0,101.0,276.15
1747,3.0,101.0,276.15
1748,3.0,101.0,276.15
1749,3.0,101.0,276.15
1750,3.0,101.0,276.15
1751,3.0,103.0,276.15
1752,3.0,103.0,276.15
1753,3.0,103.0,276.15
1754,3.0,103.0,276.15
1755,3.0,103.0,276.15
1756,3.0,103.0,276.15
1757,3.0,103.0,276.15
1758,3.0,103.0,276.15
1759,3.0,104.0,276.15
1760,3.0,104.0,276.15
1761,3.0,104.0,276.15
1762,3.0,104.0,276.15
1763,3.0,104.0,276.15
1764,3.0,104.0,276.15
1765,3.0,99.0,276.15
1766,3.0,99.0,276.15
1767,3.0,99.0,276.15
1768,3.0,99.0,276.15
1769,3.0,87.0,276.15
1770,3.0,87.0,276.15
1771,2.0,87.0,276.15
1772,2.0,87.0,276.15
1773,2.0,87.0,276.15
1774,2.0,87.0,276.15
1775,2.0,81.0,276.15
1776,2.0,81.0,276.15
1777,2.0,81.0,276.15
1778,2.0,81.0,276.15
1779,2.0,81.0,276.15
1780,2.0,81.0,276.15
1781,2.0,84.0,276.15
1782,2.0,84.0,276.15
1783,2.0,84.0,276.15
1784,2.0,84.0,276.15
1785,2.0,84.0,276.15
1786,2.0,84.0,276.15
1787,2.0,84.0,276.15
1788,2.0,84.0,276.15
1789,2.0,84.0,276.15
1790,2.0,84.0,276.15
1791,2.0,84.0,276.15
1792,2.0,84.0,276.15
1793,2.0,85.0,276.15
1794,2.0,85.0,276.15
1795,2.0,85.0,276.15
1796,2.0,85.0,276.15
1797,2.0,85.0,276.15
1798,2.0,85.0,276.65
1799,2.0,88.0,277.15
1800,2.0,88.0,276.65
1801,2.0,88.0,276.15
1802,2.0,88.0,276.15
1803,2.0,88.0,276.15
1804,2.0,88.0,277.15
1805,2.0,88.0,277.15
1806,2.0,88.0,277.15
1807,2.0,88.0,277.15
1808,2.0,88.0,277.15
1809,2.0,88.0,277.15
1810,2.0,88.0,277.15
1811,2.0,90.0,277.15
1812,2.0,90.0,277.15
1813,2.0,90.0,277.65
1814,2.0,90.0,278.15
1815,2.0,90.0,278.15
1816,2.0,90.0,278.15
1817,2.0,90.0,278.15
1818,2.0,90.0,278.15
1819,2.0,90.0,278.15
1820,2.0,90.0,278.15
1821,2.0,90.0,278.15
1822,2.0,90.0,278.15
1823,2.0,93.0,278.15
1824,2.0,93.0,278.15
1825,2.0,93.0,278.15
1826,2.0,93.0,278.15
1827,2.0,93.0,278.15
1828,2.0,93.0,278.15
1829,2.0,91.0,278.15
1830,2.0,91.0,278.15
1831,2.0,91.0,277.15
1832,2.0,91.0,277.15
1833,2.0,91.0,277.15
1834,2.0,91.0,277.15
1835,2.0,93.0,277.15
1836,2.0,93.0,277.15
1837,2.0,93.0,277.15
1838,2.0,93.0,277.15
1839,2.0,93.0,277.15
1840,2.0,93.0,277.15
1841,2.0,95.0,277.15
1842,2.0,95.0,277.15
1843,2.0,95.0,277.15
1844,2.0,95.0,277.15
1845,2.0,95.0,277.15
1846,2.0,95.0,277.15
1847,2.0,101.0,277.15
1848,2.0,101.0,277.15
1849,2.0,101.0,277.15
1850,2.0,101.0,277.15
1851,2.0,101.0,277.15
1852,2.0,101.0,277.15
1853,2.0,103.0,277.15
1854,2.0,103.0,276.15
1855,2.0,103.0,276.15
1856,2.0,103.0,276.15
1857,2.0,103.0,276.15
1858,2.0,103.0,276.15
1859,2.0,106.0,276.15
1860,2.0,106.0,276.15
1861,2.0,106.0,276.15
1862,2.0,106.0,276.15
1863,2.0,106.0,276.15
1864,2.0,106.0,276.15
1865,2.0,106.0,276.15
1866,2.0,106.0,276.15
1867,2.0,106.0,276.15
1868,2.0,106.0,276.15
1869,2.0,106.0,276.15
1870,2.0,110.0,276.15
1871,2.0,110.0,276.15
1872,2.0,112.0,276.15
1873,2.0,112.0,276.15
1874,2.0,112.0,276.15
1875,2.0,112.0,276.15
1876,2.0,112.0,276.15
1877,2.0,112.0,276.15
1878,2.0,112.0,276.15
1879,2.0,112.0,276.15
1880,2.0,112.0,276.15
1881,2.0,112.0,276.15
1882,2.0,112.0,276.15
1883,2.0,115.0,276.15
1884,2.0,115.0,276.15
1885,2.0,115.0,276.15
1886,2.0,115.0,276.15
1887,2.0,115.0,276.15
1888,2.0,115.0,276.15
1889,2.0,115.0,276.15
1890,2.0,115.0,276.15
1891,2.0,115.0,275.65
1892,2.0,115.0,275.15
1893,2.0,115.0,275.15
1894,2.0,115.0,275.15
1895,2.0,115.0,275.15
1896,2.0,118.0,275.15
1897,2.0,118.0,275.15
1898,2.0,118.0,275.15
1899,2.0,118.0,275.15
1900,2.0,118.0,275.15
1901,2.0,118.0,275.15
1902,2.0,118.0,275.15
1903,2.0,118.0,275.15
1904,2.0,118.0,275.15
1905,2.0,118.0,275.15
1906,2.0,115.0,275.15
1907,2.0,116.0,275.15
1908,2.0,116.0,275.15
1909,2.0,116.0,275.15
1910,2.0,116.0,275.15
1911,2.0,116.0,275.15
1912,2.0,116.0,275.15
1913,2.0,115.0,275.15
1914,2.0,115.0,275.15
1915,2.0,115.0,274.65
1916,2.0,115.0,274.15
1917,2.0,115.0,274.15
1918,2.0,115.0,274.15
1919,2.0,111.0,274.15
1920,2.0,111.0,274.15
1921,2.0,111.0,274.15
1922,2.0,111.0,275.15
1923,2.0,111.0,275.15
1924,2.0,111.0,275.15
1925,2.0,108.0,275.15
1926,2.0,108.0,275.15
1927,2.0,108.0,275.15
1928,2.0,108.0,275.15
1929,2.0,108.0,276.15
1930,2.0,108.0,276.15
1931,2.0,114.0,276.15
1932,2.0,114.0,276.65
1933,2.0,114.0,277.15
1934,2.0,114.0,277.15
1935,2.0,114.0,277.65
1936,2.0,114.0,278.15
1937,2.0,122.0,278.15
1938,2.0,122.0,278.15
1939,2.0,122.0,278.15
1940,2.0,122.0,278.65
1941,2.0,122.0,279.15
1942,2.0,122.0,279.15
1943,2.0,131.0,279.15
1944,2.0,131.0,279.15
1945,2.0,131.0,280.15
1946,2.0,131.0,280.15
1947,2.0,131.0,280.15
1948,2.0,131.0,280.15
1949,2.0,128.0,280.15
1950,2.0,128.0,280.15
1951,2.0,128.0,280.65
1952,2.0,128.0,280.15
1953,2.0,128.0,280.15
1954,2.0,128.0,281.15
1955,2.0,125.0,281.15
1956,2.0,125.0,281.15
1957,2.0,125.0,281.15
1958,2.0,125.0,281.15
1959,2.0,125.0,281.15
1960,2.0,125.0,281.65
1961,2.0,121.0,281.15
1962,2.0,121.0,281.15
1963,2.0,121.0,281.15
1964,2.0,121.0,281.15
1965,2.0,121.0,281.15
1966,2.0,121.0,281.15
1967,2.0,123.0,281.15
1968,2.0,123.0,281.15
1969,2.0,123.0,281.15
1970,2.0,123.0,281.15
1971,2.0,123.0,281.15
1972,2.0,123.0,281.15
1973,2.0,123.0,281.15
1974,2.0,123.0,281.15
1975,2.0,123.0,281.15
1976,2.0,123.0,281.15
1977,2.0,123.0,280.65
1978,2.0,126.0,280.15
1979,2.0,130.0,280.15
1980,2.0,130.0,280.15
1981,2.0,130.0,280.15
1982,2.0,130.0,280.15
1983,2.0,130.0,280.15
1984,2.0,130.0,280.15
1985,2.0,129.0,280.15
1986,2.0,129.0,280.15
1987,2.0,129.0,280.15
1988,2.0,129.0,280.15
1989,2.0,129.0,280.15
1990,2.0,129.0,280.15
1991,2.0,129.0,280.15
1992,2.0,129.0,280.15
1993,2.0,129.0,280.15
1994,2.0,129.0,280.15
1995,2.0,129.0,280.15
1996,2.0,135.0,280.15
1997,2.0,141.0,280.15
1998,2.0,141.0,280.15
1999,2.0,141.0,280.15
2000,2.0,141.0,280.15
2001,2.0,141.0,280.15
2002,2.0,141.0,280.15
2003,2.0,141.0,280.15
2004,2.0,153.0,280.15
2005,3.0,153.0,280.15
2006,3.0,153.0,280.15
2007,3.0,153.0,280.15
2008,3.0,153.0,279.15
2009,3.0,159.5,279.65
2010,3.0,166.0,280.15
2011,3.0,166.0,279.15
2012,3.0,166.0,279.15
2013,3.0,166.0,279.15
2014,3.0,166.0,279.15
2015,3.0,167.333333333,278.983333333
2016,3.0,168.666666667,278.816666667
2017,3.0,170.0,278.65
2018,3.0,171.333333333,278.483333333
2019,3.0,172.666666667,278.316666667
2020,3.0,174.0,278.15
2021,3.0,176.0,278.15
2022,3.0,176.0,278.15
2023,3.0,176.0,278.15
2024,3.0,176.0,278.15
2025,3.0,176.0,278.15
2026,3.0,176.0,278.15
2027,3.0,188.0,278.15
2028,3.0,188.0,278.15
2029,3.0,188.0,278.15
2030,3.0,188.0,278.15
2031,3.0,188.0,278.15
2032,3.0,188.0,278.15
2033,3.0,188.0,278.15
2034,3.0,188.0,278.15
2035,3.0,187.0,278.15
2036,3.0,187.0,278.15
2037,3.0,187.0,278.15
2038,3.0,187.0,278.15
2039,3.0,187.0,278.15
2040,3.0,187.0,278.15
2041,3.0,179.0,278.15
2042,3.0,179.0,278.15
2043,3.0,179.0,278.15
2044,3.0,179.0,278.15
2045,3.0,179.0,277.15
2046,3.0,168.0,277.15
2047,3.0,168.0,277.15
2048,3.0,168.0,277.15
2049,3.0,168.0,277.15
2050,3.0,168.0,277.15
2051,3.0,161.0,277.15
2052,3.0,161.0,277.15
2053,3.0,161.0,277.15
2054,3.0,161.0,277.15
2055,3.0,161.0,277.15
2056,3.0,161.0,277.15
2057,3.0,154.0,277.15
2058,3.0,154.0,277.15
2059,2.0,154.0,277.15
2060,2.0,154.0,277.15
2061,2.0,154.0,277.15
2062,2.0,154.0,277.15
2063,2.0,154.0,277.15
2064,2.0,154.0,277.15
2065,2.0,151.0,277.15
2066,2.0,151.0,277.15
2067,2.0,151.0,277.15
2068,2.0,151.0,277.15
2069,2.0,150.333333333,277.483333333
2070,2.0,149.666666667,277.816666667
2071,2.0,149.0,278.15
2072,2.0,148.25,278.4
2073,2.0,147.5,278.65
2074,2.0,146.75,278.9
2075,2.0,146.0,279.15
2076,2.0,146.0,279.483333333
2077,2.0,146.0,279.816666667
2078,2.0,146.0,280.15
2079,2.0,144.333333333,280.483333333
2080,2.0,142.666666667,280.816666667
2081,2.0,141.0,281.15
2082,2.0,141.0,281.15
2083,2.0,141.0,281.65
2084,2.0,141.0,282.15
2085,2.0,141.0,282.15
2086,2.0,141.0,282.15
2087,2.0,141.0,282.15
2088,2.0,141.0,282.15
2089,2.0,141.0,282.15
2090,2.0,141.0,282.15
2091,2.0,141.0,282.15
2092,2.0,143.0,282.15
2093,2.0,123.0,282.15
2094,2.0,123.0,282.15
2095,2.0,123.0,282.15
2096,2.0,123.0,283.15
2097,2.0,123.0,283.15
2098,2.0,123.0,283.15
2099,2.0,97.0,283.15
2100,2.0,97.0,283.15
2101,2.0,97.0,283.65
2102,2.0,97.0,284.15
2103,2.0,97.0,284.15
2104,2.0,97.0,284.15
2105,2.0,84.0,284.15
2106,2.0,84.0,284.15
2107,2.0,84.0,284.15
2108,2.0,84.0,284.15
2109,2.0,84.0,284.15
2110,2.0,84.0,284.15
2111,2.0,83.5,283.65
2112,2.0,83.0,283.15
2113,2.0,83.0,284.15
2114,2.0,83.0,283.65
2115,2.0,83.0,283.15
2116,2.0,83.0,283.15
2117,2.0,83.0,283.15
2118,2.0,83.0,283.15
2119,2.0,83.0,283.15
2120,2.0,83.0,282.15
2121,2.0,83.0,282.15
2122,2.0,81.0,282.15
2123,2.0,80.0,282.15
2124,2.0,80.0,281.15
2125,2.0,80.0,281.15
2126,2.0,80.0,281.15
2127,2.0,80.0,281.15
2128,2.0,80.0,281.15
2129,2.0,79.0,280.15
2130,2.0,79.0,280.15
2131,2.0,79.0,280.15
2132,2.0,79.0,280.15
2133,2.0,79.0,280.15
2134,2.0,84.5,280.15
2135,2.0,90.0,280.15
2136,2.0,90.0,280.15
2137,2.0,90.0,280.15
2138,2.0,90.0,279.65
2139,2.0,90.0,279.15
2140,2.0,90.0,279.15
2141,2.0,90.0,279.15
2142,2.0,90.0,279.15
2143,2.0,90.0,279.15
2144,2.0,90.0,279.15
2145,2.0,90.0,279.15
2146,2.0,103.5,279.15
2147,2.0,117.0,279.15
2148,2.0,117.0,279.15
2149,2.0,117.0,279.15
2150,2.0,117.0,278.15
2151,2.0,117.0,278.15
2152,2.0,117.0,278.15
2153,2.0,134.0,278.15
2154,2.0,134.0,278.15
2155,2.0,134.0,278.15
2156,2.0,134.0,278.15
2157,2.0,134.0,278.15
2158,2.0,134.0,278.15
2159,2.0,132.0,278.15
2160,2.0,132.0,277.65
2161,2.0,132.0,277.15
2162,2.0,132.0,277.15
2163,2.0,132.0,277.15
2164,2.0,132.0,277.15
2165,2.0,128.0,277.15
2166,2.0,128.0,277.15
2167,2.0,128.0,277.15
2168,2.0,128.0,277.15
2169,2.0,128.0,276.65
2170,2.0,128.0,276.15
2171,2.0,128.0,276.15
2172,2.0,128.0,276.15
2173,2.0,136.0,276.15
2174,2.0,136.0,276.15
2175,2.0,136.0,276.15
2176,2.0,136.0,276.15
2177,2.0,136.0,276.15
2178,2.0,136.0,276.15
2179,2.0,136.0,276.15
2180,2.0,136.0,276.15
2181,2.0,136.0,276.15
2182,2.0,139.0,276.15
2183,2.0,143.0,276.15
2184,2.0,143.0,276.15
2185,2.0,143.0,276.15
2186,2.0,143.0,276.15
2187,2.0,143.0,276.15
2188,2.0,143.0,276.15
2189,2.0,127.0,276.15
2190,2.0,127.0,276.15
2191,2.0,127.0,276.15
2192,2.0,127.0,276.15
2193,2.0,127.0,276.15
2194,2.0,127.0,276.15
2195,2.0,120.0,275.15
2196,2.0,120.0,276.15
2197,2.0,120.0,276.15
2198,2.0,120.0,275.15
2199,2.0,120.0,275.15
2200,2.0,120.0,275.15
2201,2.0,119.0,275.15
2202,2.0,119.0,275.15
2203,2.0,119.0,276.15
2204,2.0,119.0,276.15
2205,2.0,119.0,276.15
2206,8.0,119.0,276.15
2207,8.0,115.0,276.15
2208,8.0,115.0,276.15
2209,8.0,115.0,276.15
2210,8.0,115.0,276.15
2211,8.0,115.0,276.15
2212,8.0,115.0,276.15
2213,8.0,111.0,276.15
2214,8.0,111.0,276.15
2215,8.0,111.0,276.15
2216,8.0,111.0,276.15
2217,8.0,111.0,276.15
2218,8.0,111.0,276.15
2219,8.0,117.0,276.15
2220,8.0,117.0,276.15
2221,8.0,117.0,277.15
2222,8.0,117.0,277.15
2223,8.0,117.0,277.65
2224,8.0,117.0,278.15
2225,8.0,128.0,278.65
2226,8.0,128.0,279.15
2227,8.0,128.0,279.15
2228,8.0,128.0,279.15
2229,2.0,128.0,280.15
2230,2.0,128.0,281.15
2231,2.0,128.0,281.15
2232,2.0,149.0,281.65
2233,2.0,149.0,282.15
2234,2.0,149.0,282.15
2235,2.0,149.0,282.15
2236,2.0,149.0,282.15
2237,2.0,161.0,282.15
2238,2.0,161.0,283.15
2239,2.0,161.0,283.15
2240,2.0,161.0,283.15
2241,2.0,161.0,283.15
2242,2.0,161.0,283.15
2243,2.0,153.0,283.15
2244,2.0,153.0,283.15
2245,2.0,153.0,284.15
2246,2.0,153.0,284.15
2247,2.0,153.0,284.15
2248,2.0,153.0,284.15
2249,2.0,128.0,284.15
2250,2.0,128.0,284.15
2251,2.0,128.0,284.15
2252,2.0,128.0,284.15
2253,2.0,128.0,284.15
2254,2.0,128.0,284.15
2255,2.0,122.0,284.15
2256,2.0,122.0,284.15
2257,2.0,122.0,284.15
2258,2.0,122.0,284.15
2259,2.0,122.0,284.15
2260,2.0,118.5,284.15
2261,2.0,115.0,284.15
2262,2.0,115.0,284.15
2263,2.0,115.0,283.65
2264,2.0,115.0,283.15
2265,2.0,115.0,283.15
2266,2.0,115.0,283.15
2267,2.0,106.0,283.15
2268,2.0,106.0,283.15
2269,2.0,106.0,282.65
2270,2.0,106.0,282.15
2271,2.0,106.0,282.15
2272,2.0,106.0,282.15
2273,2.0,108.0,282.15
2274,2.0,108.0,282.15
2275,2.0,108.0,282.15
2276,2.0,108.0,281.65
2277,2.0,108.0,281.15
2278,2.0,108.0,281.15
2279,2.0,114.0,281.15
2280,2.0,120.0,281.15
2281,2.0,120.0,281.65
2282,2.0,120.0,282.15
2283,3.0,120.0,281.15
2284,3.0,119.5,281.15
2285,3.0,119.0,281.15
2286,3.0,119.0,281.15
2287,3.0,119.0,281.15
2288,3.0,119.0,281.15
2289,3.0,119.0,281.65
2290,3.0,119.0,282.15
2291,3.0,113.0,282.15
2292,3.0,113.0,282.15
2293,4.0,113.0,282.15
2294,4.0,113.0,281.15
2295,4.0,113.0,281.15
2296,4.0,113.0,281.15
2297,4.0,113.0,280.65
2298,4.0,108.0,280.15
2299,4.0,108.0,280.15
2300,4.0,108.0,280.15
2301,4.0,108.0,280.15
2302,4.0,108.0,280.15
2303,4.0,105.0,280.15
2304,4.0,105.0,280.15
2305,4.0,105.0,280.15
2306,4.0,105.0,280.15
2307,4.0,105.0,280.15
2308,4.0,105.0,280.15
2309,4.0,112.0,280.15
2310,4.0,112.0,280.15
2311,4.0,112.0,280.15
2312,4.0,112.0,280.15
2313,4.0,112.0,280.15
2314,4.0,112.0,280.15
2315,4.0,118.0,280.15
2316,4.0,118.0,280.15
2317,4.0,118.0,280.15
2318,4.0,118.0,280.15
2319,4.0,118.0,279.65
2320,4.0,118.0,279.15
2321,4.0,115.0,279.15
2322,4.0,115.0,279.15
2323,4.0,115.0,279.15
2324,4.0,115.0,279.15
2325,4.0,115.0,279.15
2326,4.0,115.0,279.15
2327,4.0,117.0,279.15
2328,4.0,117.0,279.15
2329,4.0,117.0,279.15
2330,4.0,117.0,279.15
2331,4.0,117.0,279.15
2332,4.0,117.0,279.15
2333,4.0,117.0,279.15
2334,4.0,110.0,279.15
2335,4.0,110.0,279.15
2336,4.0,110.0,279.15
2337,4.0,110.0,279.15
2338,4.0,110.0,279.15
2339,4.0,110.0,279.15
2340,4.0,102.0,279.15
2341,4.0,102.0,279.15
2342,4.0,102.0,279.15
2343,4.0,102.0,279.15
2344,4.0,102.0,279.15
2345,4.0,102.0,279.15
2346,4.0,104.0,279.15
2347,8.0,104.0,279.15
2348,8.0,104.0,279.15
2349,8.0,104.0,279.15
2350,8.0,104.0,279.15
2351,8.0,97.0,279.15
2352,8.0,97.0,279.15
2353,8.0,97.0,279.15
2354,8.0,97.0,279.15
2355,4.0,97.0,279.15
2356,4.0,97.0,279.15
2357,4.0,93.0,279.15
2358,4.0,93.0,279.15
2359,4.0,93.0,279.15
2360,4.0,93.0,279.15
2361,4.0,93.0,279.15
2362,4.0,93.0,279.15
2363,4.0,75.0,279.15
2364,4.0,75.0,279.15
2365,4.0,75.0,279.15
2366,4.0,75.0,279.15
2367,4.0,75.0,279.15
2368,4.0,75.0,279.15
2369,4.0,75.0,279.15
2370,4.0,55.0,279.15
2371,4.0,55.0,279.15
2372,4.0,55.0,279.15
2373,4.0,55.0,279.15
2374,4.0,55.0,279.15
2375,4.0,58.0,279.15
2376,4.0,58.0,279.15
2377,4.0,58.0,279.15
2378,4.0,58.0,279.15
2379,4.0,58.0,279.15
2380,4.0,58.0,279.15
2381,4.0,53.0,279.15
2382,4.0,53.0,279.15
2383,4.0,53.0,279.15
2384,4.0,53.0,279.15
2385,4.0,53.0,279.15
2386,4.0,53.0,279.15
2387,4.0,51.0,279.15
2388,4.0,51.0,279.15
2389,4.0,51.0,279.15
2390,4.0,51.0,279.15
2391,4.0,51.0,279.15
2392,4.0,51.0,279.15
2393,4.0,50.0,279.15
2394,4.0,50.0,279.15
2395,4.0,50.0,279.15
2396,4.0,50.0,279.15
2397,4.0,50.0,279.15
2398,4.0,50.0,279.15
2399,4.0,48.0,279.15
2400,4.0,48.0,279.15
2401,4.0,48.0,279.15
2402,4.0,48.0,279.15
2403,4.0,48.0,279.15
2404,4.0,48.0,279.15
2405,4.0,52.0,279.15
2406,4.0,52.0,279.15
2407,4.0,52.0,279.15
2408,4.0,52.0,279.15
2409,4.0,52.0,279.15
2410,4.0,59.5,279.15
2411,4.0,67.0,279.15
2412,4.0,67.0,279.15
2413,4.0,67.0,278.15
2414,4.0,67.0,278.15
2415,4.0,67.0,278.15
2416,4.0,67.0,278.15
2417,4.0,85.0,278.15
2418,4.0,85.0,278.15
2419,4.0,85.0,278.15
2420,4.0,85.0,278.15
2421,4.0,85.0,278.15
2422,4.0,85.0,278.15
2423,4.0,95.5,278.15
2424,4.0,106.0,278.15
2425,4.0,106.0,277.65
2426,4.0,106.0,277.15
2427,2.0,106.0,277.15
2428,2.0,106.0,277.15
2429,2.0,102.0,277.15
2430,2.0,102.0,277.15
2431,2.0,102.0,276.15
2432,2.0,102.0,276.15
2433,2.0,102.0,276.15
2434,2.0,102.0,276.15
2435,2.0,96.0,276.15
2436,2.0,96.0,276.15
2437,3.0,96.0,276.15
2438,3.0,96.0,276.15
2439,3.0,96.0,276.15
2440,3.0,96.0,277.15
2441,3.0,96.0,277.15
2442,3.0,96.0,277.15
2443,3.0,96.0,276.15
2444,3.0,96.0,276.15
2445,3.0,96.0,276.15
2446,3.0,91.0,276.15
2447,3.0,88.0,276.15
2448,3.0,88.0,276.15
2449,3.0,88.0,276.15
2450,3.0,88.0,276.15
2451,3.0,88.0,276.15
2452,3.0,88.0,276.15
2453,3.0,88.0,276.15
2454,3.0,82.0,276.15
2455,3.0,82.0,276.15
2456,3.0,82.0,276.15
2457,3.0,82.0,276.15
2458,3.0,82.0,276.15
2459,3.0,78.0,276.15
2460,3.0,78.0,276.15
2461,3.0,78.0,276.15
2462,3.0,78.0,276.15
2463,3.0,78.0,276.15
2464,3.0,78.0,276.15
2465,3.0,74.0,276.15
2466,3.0,74.0,276.15
2467,3.0,74.0,276.15
2468,3.0,74.0,276.15
2469,3.0,74.0,276.15
2470,3.0,74.0,276.15
2471,3.0,72.0,276.15
2472,3.0,72.0,276.15
2473,3.0,72.0,276.15
2474,3.0,72.0,275.15
2475,3.0,72.0,275.15
2476,3.0,72.0,276.15
2477,3.0,72.0,275.65
2478,3.0,72.0,275.15
2479,3.0,72.0,275.15
2480,3.0,72.0,275.15
2481,3.0,72.0,275.15
2482,3.0,72.0,275.65
2483,3.0,72.0,276.15
2484,3.0,72.0,276.15
2485,3.0,72.0,276.15
2486,3.0,72.0,276.15
2487,3.0,72.0,276.15
2488,3.0,72.0,276.15
2489,3.0,81.0,276.15
2490,3.0,81.0,276.15
2491,2.0,81.0,276.15
2492,2.0,81.0,276.15
2493,2.0,81.0,276.15
2494,2.0,81.0,276.15
2495,2.0,90.5,276.15
2496,2.0,100.0,276.15
2497,2.0,100.0,276.15
2498,2.0,100.0,276.65
2499,2.0,100.0,277.15
2500,2.0,126.5,277.15
2501,2.0,153.0,277.15
2502,2.0,153.0,277.15
2503,2.0,153.0,277.15
2504,2.0,153.0,277.15
2505,2.0,153.0,277.15
2506,2.0,153.0,277.15
2507,2.0,212.0,277.15
2508,2.0,271.0,277.15
2509,2.0,271.0,277.65
2510,9.0,271.0,278.15
2511,9.0,253.25,278.15
2512,9.0,235.5,278.15
2513,2.0,217.75,278.15
2514,2.0,200.0,278.15
2515,2.0,200.0,278.15
2516,2.0,200.0,278.15
2517,2.0,200.0,278.65
2518,2.0,200.0,279.15
2519,2.0,227.0,279.15
2520,2.0,227.0,279.15
2521,2.0,227.0,279.15
2522,2.0,227.0,279.15
2523,2.0,227.0,279.15
2524,2.0,227.0,280.15
2525,9.0,247.0,280.15
2526,9.0,247.0,279.15
2527,9.0,247.0,279.15
2528,9.0,247.0,278.15
2529,9.0,247.0,278.15
2530,2.0,247.0,278.15
2531,2.0,247.0,278.15
2532,2.0,255.0,278.65
2533,9.0,263.0,279.15
2534,9.0,263.0,279.15
2535,2.0,263.0,279.15
2536,2.0,263.0,279.15
2537,9.0,276.0,279.15
2538,9.0,276.0,279.15
2539,9.0,276.0,279.15
2540,9.0,276.0,278.65
2541,9.0,276.0,278.15
2542,9.0,276.0,279.15
2543,9.0,263.0,278.15
2544,9.0,263.0,278.15
2545,2.0,263.0,278.15
2546,2.0,263.0,278.15
2547,2.0,263.0,278.15
2548,2.0,263.0,278.15
2549,2.0,261.5,278.15
2550,2.0,260.0,278.15
2551,2.0,260.0,278.15
2552,2.0,260.0,278.15
2553,2.0,260.0,278.15
2554,2.0,260.0,278.15
2555,2.0,244.0,278.15
2556,2.0,244.0,278.15
2557,2.0,244.0,278.15
2558,2.0,244.0,277.15
2559,2.0,244.0,277.15
2560,2.0,244.0,277.15
2561,2.0,232.0,277.15
2562,2.0,232.0,277.15
2563,2.0,232.0,277.15
2564,2.0,232.0,277.15
2565,2.0,232.0,276.65
2566,2.0,232.0,276.15
2567,2.0,238.0,276.15
2568,2.0,238.0,276.15
2569,2.0,238.0,276.15
2570,2.0,238.0,276.15
2571,2.0,238.0,276.15
2572,2.0,238.0,276.15
2573,2.0,238.0,276.15
2574,2.0,238.0,276.15
2575,2.0,238.0,276.15
2576,2.0,235.333333333,276.15
2577,2.0,232.666666667,276.15
2578,2.0,230.0,276.15
2579,2.0,216.5,276.15
2580,2.0,203.0,276.15
2581,2.0,203.0,276.15
2582,2.0,203.0,276.15
2583,2.0,203.0,276.15
2584,2.0,203.0,276.15
2585,2.0,203.0,276.15
2586,2.0,203.0,276.15
2587,2.0,203.0,276.15
2588,2.0,203.0,276.15
2589,2.0,203.0,276.15
2590,2.0,195.0,276.15
2591,2.0,195.0,276.15
2592,2.0,195.0,276.15
2593,2.0,195.0,276.15
2594,2.0,195.0,276.15
2595,2.0,195.0,276.15
2596,2.0,198.0,276.15
2597,2.0,203.0,275.15
2598,1.0,203.0,275.15
2599,1.0,203.0,275.15
2600,1.0,203.0,275.15
2601,1.0,203.0,275.15
2602,1.0,203.0,275.15
2603,1.0,199.0,275.15
2604,1.0,199.0,275.15
2605,1.0,199.0,275.15
2606,1.0,199.0,275.15
2607,1.0,199.0,275.15
2608,1.0,199.0,275.15
2609,1.0,199.0,274.15
2610,1.0,186.0,274.15
2611,1.0,186.0,274.15
2612,1.0,186.0,274.15
2613,1.0,186.0,274.15
2614,1.0,186.0,274.15
2615,1.0,173.0,274.15
2616,1.0,173.0,274.15
2617,1.0,173.0,274.15
2618,1.0,173.0,274.15
2619,1.0,173.0,274.15
2620,1.0,173.0,274.15
2621,1.0,173.0,274.15
2622,1.0,159.0,274.15
2623,1.0,159.0,274.15
2624,1.0,159.0,273.65
2625,1.0,159.0,273.15
2626,1.0,159.0,273.15
2627,1.0,150.0,273.15
2628,1.0,150.0,273.15
2629,1.0,150.0,273.15
2630,1.0,150.0,273.15
2631,1.0,150.0,273.15
2632,1.0,150.0,273.15
2633,1.0,148.0,273.15
2634,1.0,148.0,273.15
2635,2.0,148.0,273.15
2636,2.0,148.0,273.15
2637,2.0,148.0,273.15
2638,2.0,148.0,273.15
2639,2.0,151.0,273.15
2640,2.0,151.0,273.15
2641,2.0,151.0,273.15
2642,2.0,151.0,273.15
2643,2.0,151.0,273.65
2644,2.0,151.0,274.15
2645,2.0,155.5,274.15
2646,2.0,160.0,274.15
2647,2.0,160.0,274.65
2648,2.0,160.0,275.15
2649,2.0,160.0,275.15
2650,2.0,160.0,275.15
2651,2.0,160.0,275.65
2652,2.0,160.0,276.15
2653,2.0,160.0,276.15
2654,2.0,160.0,276.15
2655,2.0,160.0,276.15
2656,2.0,160.0,276.15
2657,2.0,160.0,276.15
2658,2.0,160.0,276.15
2659,2.0,160.0,276.15
2660,2.0,160.0,276.15
2661,2.0,160.0,276.65
2662,2.0,160.0,277.15
2663,2.0,160.0,277.15
2664,2.0,151.0,277.15
2665,2.0,151.0,277.15
2666,2.0,151.0,277.15
2667,2.0,151.0,277.15
2668,2.0,151.0,277.15
2669,2.0,124.0,277.15
2670,2.0,124.0,277.4
2671,2.0,124.0,277.65
2672,2.0,124.0,278.15
2673,2.0,124.0,278.15
2674,2.0,124.0,278.15
2675,2.0,114.0,278.15
2676,2.0,114.0,278.15
2677,2.0,114.0,278.15
2678,2.0,114.0,278.15
2679,2.0,114.0,278.15
2680,2.0,114.0,278.15
2681,2.0,103.0,278.15
2682,2.0,103.0,278.15
2683,2.0,103.0,278.15
2684,2.0,103.0,278.15
2685,2.0,103.0,278.15
2686,2.0,103.0,278.15
2687,2.0,96.0,278.15
2688,2.0,96.0,278.15
2689,2.0,96.0,278.15
2690,2.0,96.0,277.65
2691,2.0,96.0,277.15
2692,2.0,96.0,277.15
2693,2.0,96.0,277.15
2694,2.0,96.0,277.15
2695,2.0,96.0,277.15
2696,2.0,96.0,277.15
2697,2.0,93.5,276.65
2698,2.0,91.0,276.15
2699,2.0,91.0,276.15
2700,2.0,91.0,276.15
2701,2.0,91.0,276.15
2702,2.0,91.0,276.15
2703,2.0,91.0,276.15
2704,2.0,94.5,276.15
2705,2.0,98.0,276.15
2706,2.0,98.0,276.15
2707,2.0,98.0,276.15
2708,2.0,98.0,276.15
2709,2.0,98.0,276.15
2710,2.0,98.0,276.15
2711,2.0,98.0,276.15
2712,2.0,98.0,276.15
2713,2.0,98.0,276.15
2714,1.0,98.0,276.15
2715,1.0,98.0,276.15
2716,1.0,98.75,276.025
2717,1.0,99.5,275.9
2718,1.0,100.25,275.775
2719,1.0,101.0,275.65
2720,1.0,101.75,275.525
2721,1.0,102.5,275.4
2722,1.0,103.25,275.275
2723,1.0,104.0,275.15
2724,1.0,108.0,274.65
2725,2.0,112.0,274.15
2726,2.0,112.0,274.15
2727,2.0,112.0,274.15
2728,2.0,112.0,275.15
2729,2.0,112.0,274.15
2730,2.0,112.0,274.15
2731,2.0,112.0,274.15
2732,2.0,112.0,274.15
2733,2.0,112.0,274.15
2734,2.0,102.0,274.15
2735,2.0,102.0,274.15
2736,2.0,102.0,274.15
2737,2.0,102.0,274.15
2738,2.0,102.0,274.15
2739,2.0,102.0,274.15
2740,2.0,100.0,274.15
2741,2.0,100.0,274.15
2742,2.0,108.0,274.15
2743,2.0,108.0,274.15
2744,2.0,108.0,274.15
2745,2.0,108.0,273.65
2746,2.0,108.0,273.15
2747,2.0,108.0,273.15
2748,2.0,108.0,273.15
2749,2.0,108.0,273.15
2750,2.0,108.0,273.15
2751,2.0,108.0,273.15
2752,2.0,108.0,274.15
2753,2.0,106.0,273.65
2754,2.0,106.0,273.65
2755,2.0,106.0,274.15
2756,2.0,106.0,274.15
2757,2.0,106.0,274.15
2758,2.0,106.0,274.15
2759,2.0,107.0,274.15
2760,2.0,107.0,274.15
2761,2.0,107.0,274.15
2762,2.0,107.0,274.15
2763,2.0,107.0,274.15
2764,2.0,107.0,274.15
2765,2.0,107.0,274.15
2766,2.0,112.0,274.15
2767,2.0,112.0,274.15
2768,2.0,112.0,274.15
2769,2.0,112.0,274.15
2770,2.0,112.0,274.15
2771,2.0,110.0,274.15
2772,2.0,110.0,274.15
2773,2.0,110.0,274.15
2774,2.0,110.0,274.15
2775,2.0,110.0,274.15
2776,2.0,110.0,274.15
2777,2.0,106.0,274.15
2778,2.0,106.0,274.15
2779,1.0,106.0,274.15
2780,1.0,106.0,274.15
2781,1.0,106.0,274.15
2782,1.0,106.0,274.15
2783,1.0,94.0,274.15
2784,1.0,94.0,274.15
2785,1.0,94.0,274.15
2786,2.0,94.0,274.15
2787,2.0,94.0,274.15
2788,2.0,88.0,274.15
2789,2.0,82.0,274.15
2790,2.0,82.0,274.65
2791,2.0,82.0,275.15
2792,2.0,82.0,275.15
2793,2.0,82.0,275.15
2794,2.0,82.0,275.15
2795,2.0,81.7441860465,275.142248062
2796,2.0,81.488372093,275.134496124
2797,2.0,81.2325581395,275.126744186
2798,2.0,80.976744186,275.118992248
2799,2.0,80.7209302326,275.11124031
2800,2.0,80.4651162791,275.103488372
2801,2.0,80.2093023256,275.095736434
2802,2.0,79.9534883721,275.087984496
2803,2.0,79.6976744186,275.080232558
2804,2.0,79.4418604651,275.07248062
2805,2.0,79.1860465116,275.064728682
2806,2.0,78.9302325581,275.056976744
2807,2.0,78.6744186047,275.049224806
2808,2.0,78.4186046512,275.041472868
2809,2.0,78.1627906977,275.03372093
2810,2.0,77.9069767442,275.025968992
2811,2.0,77.6511627907,275.018217054
2812,2.0,77.3953488372,275.010465116
2813,2.0,77.1395348837,275.002713178
2814,2.0,76.8837209302,274.99496124
2815,2.0,76.6279069767,274.987209302
2816,2.0,76.3720930233,274.979457364
2817,2.0,76.1162790698,274.971705426
2818,2.0,75.8604651163,274.963953488
2819,2.0,75.6046511628,274.95620155
2820,2.0,75.3488372093,274.948449612
2821,2.0,75.0930232558,274.940697674
2822,2.0,74.8372093023,274.932945736
2823,2.0,74.5813953488,274.925193798
2824,2.0,74.3255813953,274.91744186
2825,2.0,74.0697674419,274.909689922
2826,2.0,73.8139534884,274.901937984
2827,2.0,73.5581395349,274.894186047
2828,2.0,73.3023255814,274.886434109
2829,2.0,73.0465116279,274.878682171
2830,2.0,72.7906976744,274.870930233
2831,2.0,72.5348837209,274.863178295
2832,2.0,72.2790697674,274.855426357
2833,2.0,72.023255814,274.847674419
2834,2.0,71.7674418605,274.839922481
2835,2.0,71.511627907,274.832170543
2836,2.0,71.2558139535,274.824418605
2837,2.0,71.0,274.816666667
2838,2.0,70.7441860465,274.808914729
2839,2.0,70.488372093,274.801162791
2840,2.0,70.2325581395,274.793410853
2841,2.0,69.976744186,274.785658915
2842,2.0,69.7209302326,274.777906977
2843,2.0,69.4651162791,274.770155039
2844,2.0,69.2093023256,274.762403101
2845,2.0,68.9534883721,274.754651163
2846,2.0,68.6976744186,274.746899225
2847,2.0,68.4418604651,274.739147287
2848,2.0,68.1860465116,274.731395349
2849,2.0,67.9302325581,274.723643411
2850,2.0,67.6744186047,274.715891473
2851,2.0,67.4186046512,274.708139535
2852,2.0,67.1627906977,274.700387597
2853,2.0,66.9069767442,274.692635659
2854,2.0,66.6511627907,274.684883721
2855,2.0,66.3953488372,274.677131783
2856,2.0,66.1395348837,274.669379845
2857,2.0,65.8837209302,274.661627907
2858,2.0,65.6279069767,274.653875969
2859,4.0,65.3720930233,274.646124031
2860,4.0,65.1162790698,274.638372093
2861,4.0,64.8604651163,274.630620155
2862,4.0,64.6046511628,274.622868217
2863,4.0,64.3488372093,274.615116279
2864,4.0,64.0930232558,274.607364341
2865,4.0,63.8372093023,274.599612403
2866,4.0,63.5813953488,274.591860465
2867,4.0,63.3255813953,274.584108527
2868,4.0,63.0697674419,274.576356589
2869,4.0,62.8139534884,274.568604651
2870,4.0,62.5581395349,274.560852713
2871,4.0,62.3023255814,274.553100775
2872,4.0,62.0465116279,274.545348837
2873,4.0,61.7906976744,274.537596899
2874,4.0,61.5348837209,274.529844961
2875,4.0,61.2790697674,274.522093023
2876,4.0,61.023255814,274.514341085
2877,4.0,60.7674418605,274.506589147
2878,4.0,60.511627907,274.498837209
2879,4.0,60.2558139535,274.491085271
2880,4.0,60.0,274.483333333
2881,4.0,59.7441860465,274.475581395
2882,4.0,59.488372093,274.467829457
2883,4.0,59.2325581395,274.460077519
2884,4.0,58.976744186,274.452325581
2885,4.0,58.7209302326,274.444573643
2886,4.0,58.4651162791,274.436821705
2887,4.0,58.2093023256,274.429069767
2888,4.0,57.9534883721,274.421317829
2889,4.0,57.6976744186,274.413565891
2890,4.0,57.4418604651,274.405813953
2891,4.0,57.1860465116,274.398062016
2892,4.0,56.9302325581,274.390310078
2893,4.0,56.6744186047,274.38255814
2894,4.0,56.4186046512,274.374806202
2895,4.0,56.1627906977,274.367054264
2896,4.0,55.9069767442,274.359302326
2897,4.0,55.6511627907,274.351550388
2898,4.0,55.3953488372,274.34379845
2899,4.0,55.1395348837,274.336046512
2900,4.0,54.8837209302,274.328294574
2901,4.0,54.6279069767,274.320542636
2902,4.0,54.3720930233,274.312790698
2903,4.0,54.1162790698,274.30503876
2904,4.0,53.8604651163,274.297286822
2905,4.0,53.6046511628,274.289534884
2906,4.0,53.3488372093,274.281782946
2907,4.0,53.0930232558,274.274031008
2908,4.0,52.8372093023,274.26627907
2909,4.0,52.5813953488,274.258527132
2910,4.0,52.3255813953,274.250775194
2911,4.0,52.0697674419,274.243023256
2912,4.0,51.8139534884,274.235271318
2913,4.0,51.5581395349,274.22751938
2914,4.0,51.3023255814,274.219767442
2915,4.0,51.0465116279,274.212015504
2916,4.0,50.7906976744,274.204263566
2917,4.0,50.5348837209,274.196511628
2918,4.0,50.2790697674,274.18875969
2919,4.0,50.023255814,274.181007752
2920,4.0,49.7674418605,274.173255814
2921,4.0,49.511627907,274.165503876
2922,4.0,49.2558139535,274.157751938
2923,4.0,49.0,274.15
2924,4.0,49.0,274.15
2925,4.0,49.0,274.15
2926,4.0,49.0,274.15
2927,4.0,49.5,274.15
2928,4.0,50.0,274.15
2929,4.0,50.0,274.15
2930,4.0,50.0,274.15
2931,4.0,49.75,274.15
2932,4.0,49.5,274.15
2933,4.0,49.25,274.15
2934,4.0,49.0,274.15
2935,4.0,49.0,274.15
2936,4.0,49.0,274.15
2937,4.0,49.0,274.15
2938,4.0,49.0,274.15
2939,4.0,49.0,274.15
2940,4.0,48.9107142857,274.15
2941,4.0,48.8214285714,274.15
2942,4.0,48.7321428571,274.15
2943,4.0,48.6428571429,274.15
2944,4.0,48.5535714286,274.15
2945,4.0,48.4642857143,274.15
2946,4.0,48.375,274.15
2947,4.0,48.2857142857,274.15
2948,4.0,48.1964285714,274.15
2949,4.0,48.1071428571,274.15
2950,4.0,48.0178571429,274.15
2951,4.0,47.9285714286,274.15
2952,4.0,47.8392857143,274.15
2953,4.0,47.75,274.15
2954,4.0,47.6607142857,274.15
2955,4.0,47.5714285714,274.15
2956,4.0,47.4821428571,274.15
2957,4.0,47.3928571429,274.15
2958,4.0,47.3035714286,274.15
2959,4.0,47.2142857143,274.15
2960,4.0,47.125,274.15
2961,4.0,47.0357142857,274.15
2962,4.0,46.9464285714,274.15
2963,4.0,46.8571428571,274.15
2964,4.0,46.7678571429,274.15
2965,4.0,46.6785714286,274.15
2966,4.0,46.5892857143,274.15
2967,4.0,46.5,274.15
2968,4.0,46.4107142857,274.15
2969,4.0,46.3214285714,274.15
2970,4.0,46.2321428571,274.15
2971,4.0,46.1428571429,274.15
2972,4.0,46.0535714286,274.15
2973,4.0,45.9642857143,274.15
2974,4.0,45.875,274.15
2975,4.0,45.7857142857,274.15
2976,4.0,45.6964285714,274.15
2977,4.0,45.6071428571,274.15
2978,4.0,45.5178571429,274.15
2979,4.0,45.4285714286,274.15
2980,4.0,45.3392857143,274.15
2981,4.0,45.25,274.15
2982,4.0,45.1607142857,274.15
2983,4.0,45.0714285714,274.15
2984,4.0,44.9821428571,274.15
2985,4.0,44.8928571429,274.15
2986,4.0,44.8035714286,274.15
2987,4.0,44.7142857143,274.15
2988,4.0,44.625,274.15
2989,4.0,44.5357142857,274.15
2990,4.0,44.4464285714,274.15
2991,4.0,44.3571428571,274.15
2992,4.0,44.2678571429,274.15
2993,4.0,44.1785714286,274.15
2994,4.0,44.0892857143,274.15
2995,4.0,44.0,274.15
2996,4.0,44.0,274.15
2997,4.0,44.0,274.15
2998,4.0,44.0,275.15
2999,4.0,48.0,274.15
3000,4.0,48.0,274.15
3001,4.0,48.0,274.15
3002,4.0,48.0,274.15
3003,2.0,48.0,274.15
3004,2.0,48.0,274.15
3005,2.0,53.0,274.15
3006,2.0,53.0,274.15
3007,2.0,53.0,274.15
3008,2.0,53.0,274.15
3009,2.0,53.0,274.15
3010,2.0,53.0,274.15
3011,2.0,53.0,274.15
3012,2.0,53.0,274.15
3013,2.0,53.0,274.15
3014,2.0,53.0,274.15
3015,2.0,53.0,274.15
3016,2.0,58.0,274.15
3017,2.0,58.0,274.15
3018,2.0,58.0,274.15
3019,2.0,58.0,274.15
3020,2.0,58.0,274.15
3021,2.0,58.0,274.15
3022,2.0,58.0,274.15
3023,2.0,59.0,274.15
3024,2.0,59.0,274.15
